nba_id,player_name,first_name,last_name,season,season_label,team,lebron_team_string,position,games_played,minutes_played,team_mpg,lebron_mpg,lebron,o_lebron,d_lebron,war,off_role,def_role,team_wins,team_losses,team_win_pct,is_multi_team,team_count,name_match_key,name_match_status,basketball_reference_name,data_source,source_url
2544,Lebron James,Lebron,James,2026,2025-26,LAL,LAL,SF,60,1989,33.15,33.15,2.491,2.095,0.396,6.154,Shot Creator,Helper,53,29,0.646,false,1,lebron james,exact_name,Lebron James,Basketball-Reference 2025-26 regular-season team totals + LEBRON CSV + user-supplied team W/L,https://www.basketball-reference.com/teams/LAL/2026.html
101108,Chris Paul,Chris,Paul,2026,2025-26,LAC,LAC,PG,16,228,14.25,14.221,-1.196,-1.015,-0.181,0.18,Primary Ball Handler,Chaser,42,40,0.512,false,1,chris paul,exact_name,Chris Paul,Basketball-Reference 2025-26 regular-season team totals + LEBRON CSV + user-supplied team W/L,https://www.basketball-reference.com/teams/LAC/2026.html
201142,Kevin Durant,Kevin,Durant,2026,2025-26,HOU,HOU,SF,78,2840,36.41,36.404,2.377,2.519,-0.142,8.586,Shot Creator,Helper,52,30,0.634,false,1,kevin durant,exact_name,Kevin Durant,Basketball-Reference 2025-26 regular-season team totals + LEBRON CSV + user-supplied team W/L,https://www.basketball-reference.com/teams/HOU/2026.html
201143,Al Horford,Al,Horford,2026,2025-26,GSW,GSW,C,45,969,21.533,21.534,0.952,-0.187,1.139,2.072,Versatile Big,Mobile Big,37,45,0.451,false,1,al horford,exact_name,Al Horford,Basketball-Reference 2025-26 regular-season team totals + LEBRON CSV + user-supplied team W/L,https://www.basketball-reference.com/teams/GSW/2026.html
201144,Mike Conley,Mike,Conley,2026,2025-26,MIN,MIN,PG,54,991,18.352,18.355,-0.753,-0.913,0.159,1.06,Primary Ball Handler,Point of Attack,49,33,0.598,false,1,mike conley,exact_name,Mike Conley,Basketball-Reference 2025-26 regular-season team totals + LEBRON CSV + user-supplied team W/L,https://www.basketball-reference.com/teams/MIN/2026.html
201566,Russell Westbrook,Russell,Westbrook,2026,2025-26,SAC,SAC,SF,64,1853,28.953,28.945,-0.791,-0.146,-0.645,1.937,Shot Creator,Wing Stopper,22,60,0.268,false,1,russell westbrook,exact_name,Russell Westbrook,Basketball-Reference 2025-26 regular-season team totals + LEBRON CSV + user-supplied team W/L,https://www.basketball-reference.com/teams/SAC/2026.html
201567,Kevin Love,Kevin,Love,2026,2025-26,UTA,UTA,PF,37,613,16.568,16.56,-0.142,0.335,-0.477,0.89,Movement Shooter,Helper,22,60,0.268,false,1,kevin love,exact_name,Kevin Love,Basketball-Reference 2025-26 regular-season team totals + LEBRON CSV + user-supplied team W/L,https://www.basketball-reference.com/teams/UTA/2026.html
201572,Brook Lopez,Brook,Lopez,2026,2025-26,LAC,LAC,C,75,1635,21.8,21.802,-0.105,-1.182,1.077,2.413,Versatile Big,Mobile Big,42,40,0.512,false,1,brook lopez,exact_name,Brook Lopez,Basketball-Reference 2025-26 regular-season team totals + LEBRON CSV + user-supplied team W/L,https://www.basketball-reference.com/teams/LAC/2026.html
201587,Nicolas Batum,Nicolas,Batum,2026,2025-26,LAC,LAC,PF,74,1295,17.5,17.492,-2.328,-2.151,-0.177,0.116,Stationary Shooter,Helper,42,40,0.512,false,1,nicolas batum,exact_name,Nicolas Batum,Basketball-Reference 2025-26 regular-season team totals + LEBRON CSV + user-supplied team W/L,https://www.basketball-reference.com/teams/LAC/2026.html
201935,James Harden,James,Harden,2026,2025-26,LAC,LAC/CLE,PG,44,1559,35.432,34.835,2.107,3.304,-1.197,6.967,Shot Creator,Helper,42,40,0.512,true,2,james harden,exact_name,James Harden,Basketball-Reference 2025-26 regular-season team totals + LEBRON CSV + user-supplied team W/L,https://www.basketball-reference.com/teams/LAC/2026.html
201935,James Harden,James,Harden,2026,2025-26,CLE,LAC/CLE,PG,26,879,33.808,34.835,2.107,3.304,-1.197,6.967,Shot Creator,Helper,52,30,0.634,true,2,james harden,exact_name,James Harden,Basketball-Reference 2025-26 regular-season team totals + LEBRON CSV + user-supplied team W/L,https://www.basketball-reference.com/teams/CLE/2026.html
201939,Stephen Curry,Stephen,Curry,2026,2025-26,GSW,GSW,PG,43,1329,30.907,30.897,3.143,4.294,-1.15,4.639,Primary Ball Handler,Low Activity,37,45,0.451,false,1,stephen curry,exact_name,Stephen Curry,Basketball-Reference 2025-26 regular-season team totals + LEBRON CSV + user-supplied team W/L,https://www.basketball-reference.com/teams/GSW/2026.html
201942,Demar Derozan,Demar,Derozan,2026,2025-26,SAC,SAC,PF,77,2406,31.247,31.239,-1.154,0.113,-1.267,1.968,Shot Creator,Low Activity,22,60,0.268,false,1,demar derozan,exact_name,Demar Derozan,Basketball-Reference 2025-26 regular-season team totals + LEBRON CSV + user-supplied team W/L,https://www.basketball-reference.com/teams/SAC/2026.html
201950,Jrue Holiday,Jrue,Holiday,2026,2025-26,POR,POR,PG,53,1560,29.434,29.44,1.49,0.806,0.684,3.861,Shot Creator,Helper,42,40,0.512,false,1,jrue holiday,exact_name,Jrue Holiday,Basketball-Reference 2025-26 regular-season team totals + LEBRON CSV + user-supplied team W/L,https://www.basketball-reference.com/teams/POR/2026.html
202331,Paul George,Paul,George,2026,2025-26,PHI,PHI,PF,37,1135,30.676,30.675,1.746,1.277,0.469,2.989,Shot Creator,Helper,45,37,0.549,false,1,paul george,exact_name,Paul George,Basketball-Reference 2025-26 regular-season team totals + LEBRON CSV + user-supplied team W/L,https://www.basketball-reference.com/teams/PHI/2026.html
202685,Jonas Valanciunas,Jonas,Valanciunas,2026,2025-26,DEN,DEN,C,65,871,13.4,13.4,-0.288,0.167,-0.455,1.185,Post Scorer,Anchor Big,54,28,0.659,false,1,jonas valanciunas,exact_name,Jonas Valanciunas,Basketball-Reference 2025-26 regular-season team totals + LEBRON CSV + user-supplied team W/L,https://www.basketball-reference.com/teams/DEN/2026.html
202691,Klay Thompson,Klay,Thompson,2026,2025-26,DAL,DAL,SF,69,1497,21.696,21.69,-2.461,-0.445,-2.016,0.011,Off Screen Shooter,Chaser,26,56,0.317,false,1,klay thompson,exact_name,Klay Thompson,Basketball-Reference 2025-26 regular-season team totals + LEBRON CSV + user-supplied team W/L,https://www.basketball-reference.com/teams/DAL/2026.html
202695,Kawhi Leonard,Kawhi,Leonard,2026,2025-26,LAC,LAC,SF,65,2085,32.077,32.072,5.041,4.835,0.205,9.616,Shot Creator,Helper,42,40,0.512,false,1,kawhi leonard,exact_name,Kawhi Leonard,Basketball-Reference 2025-26 regular-season team totals + LEBRON CSV + user-supplied team W/L,https://www.basketball-reference.com/teams/LAC/2026.html
202696,Nikola Vucevic,Nikola,Vucevic,2026,2025-26,CHI,CHI/BOS,C,48,1480,30.833,28.407,0.593,0.368,0.225,3.48,Versatile Big,Mobile Big,31,51,0.378,true,2,nikola vucevic,exact_name,Nikola Vucevic,Basketball-Reference 2025-26 regular-season team totals + LEBRON CSV + user-supplied team W/L,https://www.basketball-reference.com/teams/CHI/2026.html
202696,Nikola Vucevic,Nikola,Vucevic,2026,2025-26,BOS,CHI/BOS,C,16,338,21.125,28.407,0.593,0.368,0.225,3.48,Versatile Big,Mobile Big,56,26,0.683,true,2,nikola vucevic,exact_name,Nikola Vucevic,Basketball-Reference 2025-26 regular-season team totals + LEBRON CSV + user-supplied team W/L,https://www.basketball-reference.com/teams/BOS/2026.html
202699,Tobias Harris,Tobias,Harris,2026,2025-26,DET,DET,PF,63,1746,27.714,27.703,1.552,1.026,0.526,4.386,Movement Shooter,Wing Stopper,60,22,0.732,false,1,tobias harris,exact_name,Tobias Harris,Basketball-Reference 2025-26 regular-season team totals + LEBRON CSV + user-supplied team W/L,https://www.basketball-reference.com/teams/DET/2026.html
202710,Jimmy Butler Iii,Jimmy,Butler Iii,2026,2025-26,GSW,GSW,SF,38,1182,31.105,31.096,3.115,2.85,0.264,4.106,Shot Creator,Wing Stopper,37,45,0.451,false,1,jimmy butler iii,exact_name,Jimmy Butler Iii,Basketball-Reference 2025-26 regular-season team totals + LEBRON CSV + user-supplied team W/L,https://www.basketball-reference.com/teams/GSW/2026.html
203076,Anthony Davis,Anthony,Davis,2026,2025-26,DAL,DAL,PF,20,626,31.3,31.28,1.602,0.647,0.955,1.592,Shot Creator,Mobile Big,26,56,0.317,false,1,anthony davis,exact_name,Anthony Davis,Basketball-Reference 2025-26 regular-season team totals + LEBRON CSV + user-supplied team W/L,https://www.basketball-reference.com/teams/DAL/2026.html
203083,Andre Drummond,Andre,Drummond,2026,2025-26,PHI,PHI,C,63,1231,19.54,19.534,-0.2,-0.415,0.216,1.743,Roll + Cut Big,Anchor Big,45,37,0.549,false,1,andre drummond,exact_name,Andre Drummond,Basketball-Reference 2025-26 regular-season team totals + LEBRON CSV + user-supplied team W/L,https://www.basketball-reference.com/teams/PHI/2026.html
203084,Harrison Barnes,Harrison,Barnes,2026,2025-26,SAS,SAS,PF,77,1986,25.792,25.797,0.092,0.274,-0.182,3.177,Movement Shooter,Helper,62,20,0.756,false,1,harrison barnes,exact_name,Harrison Barnes,Basketball-Reference 2025-26 regular-season team totals + LEBRON CSV + user-supplied team W/L,https://www.basketball-reference.com/teams/SAS/2026.html
203110,Draymond Green,Draymond,Green,2026,2025-26,GSW,GSW,PF,68,1869,27.485,27.481,-0.75,-2.015,1.265,2.002,Stationary Shooter,Helper,37,45,0.451,false,1,draymond green,exact_name,Draymond Green,Basketball-Reference 2025-26 regular-season team totals + LEBRON CSV + user-supplied team W/L,https://www.basketball-reference.com/teams/GSW/2026.html
203114,Khris Middleton,Khris,Middleton,2026,2025-26,WAS,WAS/DAL,SF,34,827,24.324,22.842,-1.359,-0.504,-0.855,0.993,Shot Creator,Helper,17,65,0.207,true,2,khris middleton,exact_name,Khris Middleton,Basketball-Reference 2025-26 regular-season team totals + LEBRON CSV + user-supplied team W/L,https://www.basketball-reference.com/teams/WAS/2026.html
203114,Khris Middleton,Khris,Middleton,2026,2025-26,DAL,WAS/DAL,SF,29,612,21.103,22.842,-1.359,-0.504,-0.855,0.993,Shot Creator,Helper,26,56,0.317,true,2,khris middleton,exact_name,Khris Middleton,Basketball-Reference 2025-26 regular-season team totals + LEBRON CSV + user-supplied team W/L,https://www.basketball-reference.com/teams/DAL/2026.html
203468,Cj Mccollum,Cj,Mccollum,2026,2025-26,WAS,WAS/ATL,PG,35,1082,30.914,29.777,-0.306,0.855,-1.161,3.054,Primary Ball Handler,Chaser,17,65,0.207,true,2,cj mccollum,exact_name,Cj Mccollum,Basketball-Reference 2025-26 regular-season team totals + LEBRON CSV + user-supplied team W/L,https://www.basketball-reference.com/teams/WAS/2026.html
203468,Cj Mccollum,Cj,Mccollum,2026,2025-26,ATL,WAS/ATL,PG,41,1182,28.829,29.777,-0.306,0.855,-1.161,3.054,Primary Ball Handler,Chaser,46,36,0.561,true,2,cj mccollum,exact_name,Cj Mccollum,Basketball-Reference 2025-26 regular-season team totals + LEBRON CSV + user-supplied team W/L,https://www.basketball-reference.com/teams/ATL/2026.html
203471,Dennis Schroder,Dennis,Schroder,2026,2025-26,SAC,SAC/CLE,PG,40,1056,26.4,24.231,-0.924,0.121,-1.045,1.632,Primary Ball Handler,Point of Attack,22,60,0.268,true,2,dennis schroder,exact_name,Dennis Schroder,Basketball-Reference 2025-26 regular-season team totals + LEBRON CSV + user-supplied team W/L,https://www.basketball-reference.com/teams/SAC/2026.html
203471,Dennis Schroder,Dennis,Schroder,2026,2025-26,CLE,SAC/CLE,PG,30,641,21.367,24.231,-0.924,0.121,-1.045,1.632,Primary Ball Handler,Point of Attack,52,30,0.634,true,2,dennis schroder,exact_name,Dennis Schroder,Basketball-Reference 2025-26 regular-season team totals + LEBRON CSV + user-supplied team W/L,https://www.basketball-reference.com/teams/CLE/2026.html
203484,Kentavious Caldwell-Pope,Kentavious,Caldwell-Pope,2026,2025-26,MEM,MEM,SG,51,1088,21.333,21.321,-1.34,-0.97,-0.37,0.763,Secondary Ball Handler,Chaser,25,57,0.305,false,1,kentavious caldwell pope,exact_name,Kentavious Caldwell-Pope,Basketball-Reference 2025-26 regular-season team totals + LEBRON CSV + user-supplied team W/L,https://www.basketball-reference.com/teams/MEM/2026.html
203497,Rudy Gobert,Rudy,Gobert,2026,2025-26,MIN,MIN,C,76,2380,31.316,31.313,1.822,-0.603,2.425,6.38,Roll + Cut Big,Anchor Big,49,33,0.598,false,1,rudy gobert,exact_name,Rudy Gobert,Basketball-Reference 2025-26 regular-season team totals + LEBRON CSV + user-supplied team W/L,https://www.basketball-reference.com/teams/MIN/2026.html
203500,Steven Adams,Steven,Adams,2026,2025-26,HOU,HOU,C,32,730,22.812,22.82,-0.672,-0.545,-0.127,0.818,Roll + Cut Big,Anchor Big,52,30,0.634,false,1,steven adams,exact_name,Steven Adams,Basketball-Reference 2025-26 regular-season team totals + LEBRON CSV + user-supplied team W/L,https://www.basketball-reference.com/teams/HOU/2026.html
203501,Tim Hardaway Jr.,Tim,Hardaway Jr.,2026,2025-26,DEN,DEN,SG,80,2127,26.587,26.588,-1.112,0.705,-1.817,1.796,Off Screen Shooter,Chaser,54,28,0.659,false,1,tim hardaway jr,exact_name,Tim Hardaway Jr.,Basketball-Reference 2025-26 regular-season team totals + LEBRON CSV + user-supplied team W/L,https://www.basketball-reference.com/teams/DEN/2026.html
203507,Giannis Antetokounmpo,Giannis,Antetokounmpo,2026,2025-26,MIL,MIL,PF,36,1039,28.861,28.866,5.133,5.496,-0.363,4.848,Shot Creator,Wing Stopper,32,50,0.39,false,1,giannis antetokounmpo,exact_name,Giannis Antetokounmpo,Basketball-Reference 2025-26 regular-season team totals + LEBRON CSV + user-supplied team W/L,https://www.basketball-reference.com/teams/MIL/2026.html
203897,Zach Lavine,Zach,Lavine,2026,2025-26,SAC,SAC,SG,39,1224,31.385,31.389,-1.721,-0.261,-1.46,0.569,Shot Creator,Chaser,22,60,0.268,false,1,zach lavine,exact_name,Zach Lavine,Basketball-Reference 2025-26 regular-season team totals + LEBRON CSV + user-supplied team W/L,https://www.basketball-reference.com/teams/SAC/2026.html
203903,Jordan Clarkson,Jordan,Clarkson,2026,2025-26,NYK,NYK,SG,72,1279,17.764,17.768,-1.794,-0.278,-1.516,0.537,Movement Shooter,Chaser,53,29,0.646,false,1,jordan clarkson,exact_name,Jordan Clarkson,Basketball-Reference 2025-26 regular-season team totals + LEBRON CSV + user-supplied team W/L,https://www.basketball-reference.com/teams/NYK/2026.html
203914,Gary Harris,Gary,Harris,2026,2025-26,MIL,MIL,SG,48,661,13.771,13.764,-2.993,-3.466,0.473,-0.209,Stationary Shooter,Chaser,32,50,0.39,false,1,gary harris,exact_name,Gary Harris,Basketball-Reference 2025-26 regular-season team totals + LEBRON CSV + user-supplied team W/L,https://www.basketball-reference.com/teams/MIL/2026.html
203924,Jerami Grant,Jerami,Grant,2026,2025-26,POR,POR,PF,57,1695,29.737,29.738,-0.346,0.431,-0.776,2.245,Shot Creator,Wing Stopper,42,40,0.512,false,1,jerami grant,exact_name,Jerami Grant,Basketball-Reference 2025-26 regular-season team totals + LEBRON CSV + user-supplied team W/L,https://www.basketball-reference.com/teams/POR/2026.html
203926,Doug Mcdermott,Doug,Mcdermott,2026,2025-26,SAC,SAC,SF,29,439,15.138,15.144,-2.126,-0.833,-1.293,0.094,Off Screen Shooter,Low Activity,22,60,0.268,false,1,doug mcdermott,exact_name,Doug Mcdermott,Basketball-Reference 2025-26 regular-season team totals + LEBRON CSV + user-supplied team W/L,https://www.basketball-reference.com/teams/SAC/2026.html
203932,Aaron Gordon,Aaron,Gordon,2026,2025-26,DEN,DEN,PF,36,1005,27.917,27.913,0.61,1.384,-0.774,1.934,Shot Creator,Wing Stopper,54,28,0.659,false,1,aaron gordon,exact_name,Aaron Gordon,Basketball-Reference 2025-26 regular-season team totals + LEBRON CSV + user-supplied team W/L,https://www.basketball-reference.com/teams/DEN/2026.html
203935,Marcus Smart,Marcus,Smart,2026,2025-26,LAL,LAL,SG,62,1769,28.532,28.529,0.549,-0.823,1.373,3.337,Movement Shooter,Point of Attack,53,29,0.646,false,1,marcus smart,exact_name,Marcus Smart,Basketball-Reference 2025-26 regular-season team totals + LEBRON CSV + user-supplied team W/L,https://www.basketball-reference.com/teams/LAL/2026.html
203937,Kyle Anderson,Kyle,Anderson,2026,2025-26,UTA,UTA/MEM/MIN,SF,20,401,20.05,19.841,-0.909,-1.496,0.587,0.829,Shot Creator,Helper,22,60,0.268,true,3,kyle anderson,exact_name,Kyle Anderson,Basketball-Reference 2025-26 regular-season team totals + LEBRON CSV + user-supplied team W/L,https://www.basketball-reference.com/teams/UTA/2026.html
203937,Kyle Anderson,Kyle,Anderson,2026,2025-26,MEM,UTA/MEM/MIN,SF,4,89,22.25,19.841,-0.909,-1.496,0.587,0.829,Shot Creator,Helper,25,57,0.305,true,3,kyle anderson,exact_name,Kyle Anderson,Basketball-Reference 2025-26 regular-season team totals + LEBRON CSV + user-supplied team W/L,https://www.basketball-reference.com/teams/MEM/2026.html
203937,Kyle Anderson,Kyle,Anderson,2026,2025-26,MIN,UTA/MEM/MIN,SF,19,363,19.105,19.841,-0.909,-1.496,0.587,0.829,Shot Creator,Helper,49,33,0.598,true,3,kyle anderson,exact_name,Kyle Anderson,Basketball-Reference 2025-26 regular-season team totals + LEBRON CSV + user-supplied team W/L,https://www.basketball-reference.com/teams/MIN/2026.html
203939,Dwight Powell,Dwight,Powell,2026,2025-26,DAL,DAL,C,63,904,14.349,14.353,-0.778,-2.031,1.253,0.953,Roll + Cut Big,Mobile Big,26,56,0.317,false,1,dwight powell,exact_name,Dwight Powell,Basketball-Reference 2025-26 regular-season team totals + LEBRON CSV + user-supplied team W/L,https://www.basketball-reference.com/teams/DAL/2026.html
203944,Julius Randle,Julius,Randle,2026,2025-26,MIN,MIN,PF,79,2610,33.038,33.041,0.257,1.499,-1.242,4.445,Shot Creator,Helper,49,33,0.598,false,1,julius randle,exact_name,Julius Randle,Basketball-Reference 2025-26 regular-season team totals + LEBRON CSV + user-supplied team W/L,https://www.basketball-reference.com/teams/MIN/2026.html
203952,Andrew Wiggins,Andrew,Wiggins,2026,2025-26,MIA,MIA,SF,68,2063,30.338,30.331,0.409,-0.561,0.97,3.709,Shot Creator,Wing Stopper,43,39,0.524,false,1,andrew wiggins,exact_name,Andrew Wiggins,Basketball-Reference 2025-26 regular-season team totals + LEBRON CSV + user-supplied team W/L,https://www.basketball-reference.com/teams/MIA/2026.html
203954,Joel Embiid,Joel,Embiid,2026,2025-26,PHI,PHI,C,38,1201,31.605,31.593,1.736,2.452,-0.716,3.154,Shot Creator,Anchor Big,45,37,0.549,false,1,joel embiid,exact_name,Joel Embiid,Basketball-Reference 2025-26 regular-season team totals + LEBRON CSV + user-supplied team W/L,https://www.basketball-reference.com/teams/PHI/2026.html
203991,Clint Capela,Clint,Capela,2026,2025-26,HOU,HOU,C,75,926,12.347,12.338,-0.302,-1.218,0.916,1.251,Roll + Cut Big,Mobile Big,52,30,0.634,false,1,clint capela,exact_name,Clint Capela,Basketball-Reference 2025-26 regular-season team totals + LEBRON CSV + user-supplied team W/L,https://www.basketball-reference.com/teams/HOU/2026.html
203992,Bogdan Bogdanovic,Bogdan,Bogdanovic,2026,2025-26,LAC,LAC,SG,23,452,19.652,19.65,-1.799,-0.957,-0.842,0.188,Secondary Ball Handler,Chaser,42,40,0.512,false,1,bogdan bogdanovic,exact_name,Bogdan Bogdanovic,Basketball-Reference 2025-26 regular-season team totals + LEBRON CSV + user-supplied team W/L,https://www.basketball-reference.com/teams/LAC/2026.html
203994,Jusuf Nurkic,Jusuf,Nurkic,2026,2025-26,UTA,UTA,C,41,1083,26.415,26.415,0.864,-1.157,2.021,2.257,Roll + Cut Big,Mobile Big,22,60,0.268,false,1,jusuf nurkic,exact_name,Jusuf Nurkic,Basketball-Reference 2025-26 regular-season team totals + LEBRON CSV + user-supplied team W/L,https://www.basketball-reference.com/teams/UTA/2026.html
203999,Nikola Jokic,Nikola,Jokic,2026,2025-26,DEN,DEN,C,65,2265,34.846,34.842,7.367,6.247,1.12,13.33,Shot Creator,Anchor Big,54,28,0.659,false,1,nikola jokic,exact_name,Nikola Jokic,Basketball-Reference 2025-26 regular-season team totals + LEBRON CSV + user-supplied team W/L,https://www.basketball-reference.com/teams/DEN/2026.html
204001,Kristaps Porzingis,Kristaps,Porzingis,2026,2025-26,ATL,ATL/GSW,C,17,413,24.294,24.024,2.679,2.174,0.505,2.467,Versatile Big,Mobile Big,46,36,0.561,true,2,kristaps porzingis,exact_name,Kristaps Porzingis,Basketball-Reference 2025-26 regular-season team totals + LEBRON CSV + user-supplied team W/L,https://www.basketball-reference.com/teams/ATL/2026.html
204001,Kristaps Porzingis,Kristaps,Porzingis,2026,2025-26,GSW,ATL/GSW,C,15,356,23.733,24.024,2.679,2.174,0.505,2.467,Versatile Big,Mobile Big,37,45,0.451,true,2,kristaps porzingis,exact_name,Kristaps Porzingis,Basketball-Reference 2025-26 regular-season team totals + LEBRON CSV + user-supplied team W/L,https://www.basketball-reference.com/teams/GSW/2026.html
204456,T.J. Mcconnell,T.J.,Mcconnell,2026,2025-26,IND,IND,PG,56,963,17.196,17.186,0.168,0.302,-0.135,1.585,Slasher,Chaser,19,63,0.232,false,1,t j mcconnell,exact_name,T.J. Mcconnell,Basketball-Reference 2025-26 regular-season team totals + LEBRON CSV + user-supplied team W/L,https://www.basketball-reference.com/teams/IND/2026.html
1626145,Tyus Jones,Tyus,Jones,2026,2025-26,ORL,ORL/DAL/DEN,PG,48,754,15.708,14.602,-0.85,-0.443,-0.407,0.987,Primary Ball Handler,Point of Attack,45,37,0.549,true,3,tyus jones,exact_name,Tyus Jones,Basketball-Reference 2025-26 regular-season team totals + LEBRON CSV + user-supplied team W/L,https://www.basketball-reference.com/teams/ORL/2026.html
1626145,Tyus Jones,Tyus,Jones,2026,2025-26,DAL,ORL/DAL/DEN,PG,8,133,16.625,14.602,-0.85,-0.443,-0.407,0.987,Primary Ball Handler,Point of Attack,26,56,0.317,true,3,tyus jones,exact_name,Tyus Jones,Basketball-Reference 2025-26 regular-season team totals + LEBRON CSV + user-supplied team W/L,https://www.basketball-reference.com/teams/DAL/2026.html
1626145,Tyus Jones,Tyus,Jones,2026,2025-26,DEN,ORL/DAL/DEN,PG,11,92,8.364,14.602,-0.85,-0.443,-0.407,0.987,Primary Ball Handler,Point of Attack,54,28,0.659,true,3,tyus jones,exact_name,Tyus Jones,Basketball-Reference 2025-26 regular-season team totals + LEBRON CSV + user-supplied team W/L,https://www.basketball-reference.com/teams/DEN/2026.html
1626156,D'Angelo Russell,D'Angelo,Russell,2026,2025-26,DAL,DAL,PG,26,495,19.038,19.027,-1.277,0.201,-1.477,0.367,Primary Ball Handler,Chaser,26,56,0.317,false,1,d angelo russell,exact_name,D'Angelo Russell,Basketball-Reference 2025-26 regular-season team totals + LEBRON CSV + user-supplied team W/L,https://www.basketball-reference.com/teams/DAL/2026.html
1626157,Karl-Anthony Towns,Karl-Anthony,Towns,2026,2025-26,NYK,NYK,C,75,2322,30.96,30.953,3.044,2.152,0.893,7.966,Versatile Big,Mobile Big,53,29,0.646,false,1,karl anthony towns,exact_name,Karl-Anthony Towns,Basketball-Reference 2025-26 regular-season team totals + LEBRON CSV + user-supplied team W/L,https://www.basketball-reference.com/teams/NYK/2026.html
1626162,Kelly Oubre Jr.,Kelly,Oubre Jr.,2026,2025-26,PHI,PHI,SF,50,1574,31.48,31.484,-2.405,-1.059,-1.346,0.066,Shot Creator,Wing Stopper,45,37,0.549,false,1,kelly oubre jr,exact_name,Kelly Oubre Jr.,Basketball-Reference 2025-26 regular-season team totals + LEBRON CSV + user-supplied team W/L,https://www.basketball-reference.com/teams/PHI/2026.html
1626164,Devin Booker,Devin,Booker,2026,2025-26,PHO,PHO,SG,64,2146,33.531,33.534,2.489,2.85,-0.361,6.637,Shot Creator,Helper,45,37,0.549,false,1,devin booker,exact_name,Devin Booker,Basketball-Reference 2025-26 regular-season team totals + LEBRON CSV + user-supplied team W/L,https://www.basketball-reference.com/teams/PHO/2026.html
1626166,Cameron Payne,Cameron,Payne,2026,2025-26,PHI,PHI,PG,22,374,17,17.015,-0.015,0.173,-0.187,0.574,Primary Ball Handler,Chaser,45,37,0.549,false,1,cameron payne,exact_name,Cameron Payne,Basketball-Reference 2025-26 regular-season team totals + LEBRON CSV + user-supplied team W/L,https://www.basketball-reference.com/teams/PHI/2026.html
1626167,Myles Turner,Myles,Turner,2026,2025-26,MIL,MIL,C,71,1912,26.93,26.925,0.072,-1.079,1.152,3.034,Stretch Big,Mobile Big,32,50,0.39,false,1,myles turner,exact_name,Myles Turner,Basketball-Reference 2025-26 regular-season team totals + LEBRON CSV + user-supplied team W/L,https://www.basketball-reference.com/teams/MIL/2026.html
1626171,Bobby Portis,Bobby,Portis,2026,2025-26,MIL,MIL,PF,67,1619,24.164,24.167,-2.306,-0.446,-1.861,0.167,Versatile Big,Helper,32,50,0.39,false,1,bobby portis,exact_name,Bobby Portis,Basketball-Reference 2025-26 regular-season team totals + LEBRON CSV + user-supplied team W/L,https://www.basketball-reference.com/teams/MIL/2026.html
1626172,Kevon Looney,Kevon,Looney,2026,2025-26,NOP,NOP,C,21,308,14.667,14.641,-0.448,-0.986,0.538,0.388,Athletic Finisher,Mobile Big,26,56,0.317,false,1,kevon looney,exact_name,Kevon Looney,Basketball-Reference 2025-26 regular-season team totals + LEBRON CSV + user-supplied team W/L,https://www.basketball-reference.com/teams/NOP/2026.html
1626181,Norman Powell,Norman,Powell,2026,2025-26,MIA,MIA,SG,58,1717,29.603,29.601,0.582,0.908,-0.327,3.273,Shot Creator,Chaser,43,39,0.524,false,1,norman powell,exact_name,Norman Powell,Basketball-Reference 2025-26 regular-season team totals + LEBRON CSV + user-supplied team W/L,https://www.basketball-reference.com/teams/MIA/2026.html
1626204,Larry Nance Jr.,Larry,Nance Jr.,2026,2025-26,CLE,CLE,PF,35,449,12.829,12.821,-1.402,-1.678,0.276,0.298,Stretch Big,Mobile Big,52,30,0.634,false,1,larry nance jr,exact_name,Larry Nance Jr.,Basketball-Reference 2025-26 regular-season team totals + LEBRON CSV + user-supplied team W/L,https://www.basketball-reference.com/teams/CLE/2026.html
1626220,Royce O'Neale,Royce,O'Neale,2026,2025-26,PHO,PHO,SF,78,2213,28.372,28.368,-2.125,-2.119,-0.006,0.475,Movement Shooter,Wing Stopper,45,37,0.549,false,1,royce o neale,exact_name,Royce O'Neale,Basketball-Reference 2025-26 regular-season team totals + LEBRON CSV + user-supplied team W/L,https://www.basketball-reference.com/teams/PHO/2026.html
1627734,Domantas Sabonis,Domantas,Sabonis,2026,2025-26,SAC,SAC,C,19,564,29.684,29.662,1.147,0.639,0.507,1.274,Roll + Cut Big,Mobile Big,22,60,0.268,false,1,domantas sabonis,exact_name,Domantas Sabonis,Basketball-Reference 2025-26 regular-season team totals + LEBRON CSV + user-supplied team W/L,https://www.basketball-reference.com/teams/SAC/2026.html
1627739,Kris Dunn,Kris,Dunn,2026,2025-26,LAC,LAC,PG,82,2230,27.195,27.174,0.452,-1.281,1.733,4.067,Primary Ball Handler,Point of Attack,42,40,0.512,false,1,kris dunn,exact_name,Kris Dunn,Basketball-Reference 2025-26 regular-season team totals + LEBRON CSV + user-supplied team W/L,https://www.basketball-reference.com/teams/LAC/2026.html
1627741,Buddy Hield,Buddy,Hield,2026,2025-26,GSW,GSW/ATL,SG,44,768,17.455,16.061,-1.33,-0.617,-0.713,0.58,Movement Shooter,Point of Attack,37,45,0.451,true,2,buddy hield,exact_name,Buddy Hield,Basketball-Reference 2025-26 regular-season team totals + LEBRON CSV + user-supplied team W/L,https://www.basketball-reference.com/teams/GSW/2026.html
1627741,Buddy Hield,Buddy,Hield,2026,2025-26,ATL,GSW/ATL,SG,7,51,7.286,16.061,-1.33,-0.617,-0.713,0.58,Movement Shooter,Point of Attack,46,36,0.561,true,2,buddy hield,exact_name,Buddy Hield,Basketball-Reference 2025-26 regular-season team totals + LEBRON CSV + user-supplied team W/L,https://www.basketball-reference.com/teams/ATL/2026.html
1627742,Brandon Ingram,Brandon,Ingram,2026,2025-26,TOR,TOR,SF,77,2604,33.818,33.815,-0.663,0.178,-0.841,2.931,Shot Creator,Helper,46,36,0.561,false,1,brandon ingram,exact_name,Brandon Ingram,Basketball-Reference 2025-26 regular-season team totals + LEBRON CSV + user-supplied team W/L,https://www.basketball-reference.com/teams/TOR/2026.html
1627747,Caris Levert,Caris,Levert,2026,2025-26,DET,DET,SG,60,1154,19.233,19.239,-1.475,-1.39,-0.085,0.713,Secondary Ball Handler,Chaser,60,22,0.732,false,1,caris levert,exact_name,Caris Levert,Basketball-Reference 2025-26 regular-season team totals + LEBRON CSV + user-supplied team W/L,https://www.basketball-reference.com/teams/DET/2026.html
1627749,Dejounte Murray,Dejounte,Murray,2026,2025-26,NOP,NOP,PG,14,389,27.786,27.815,1.561,0.998,0.563,0.981,Shot Creator,Point of Attack,26,56,0.317,false,1,dejounte murray,exact_name,Dejounte Murray,Basketball-Reference 2025-26 regular-season team totals + LEBRON CSV + user-supplied team W/L,https://www.basketball-reference.com/teams/NOP/2026.html
1627750,Jamal Murray,Jamal,Murray,2026,2025-26,DEN,DEN,PG,75,2652,35.36,35.356,1.389,3.171,-1.782,6.394,Shot Creator,Chaser,54,28,0.659,false,1,jamal murray,exact_name,Jamal Murray,Basketball-Reference 2025-26 regular-season team totals + LEBRON CSV + user-supplied team W/L,https://www.basketball-reference.com/teams/DEN/2026.html
1627751,Jakob Poeltl,Jakob,Poeltl,2026,2025-26,TOR,TOR,C,46,1149,24.978,24.977,-0.18,-1.097,0.917,1.641,Roll + Cut Big,Mobile Big,46,36,0.561,false,1,jakob poeltl,exact_name,Jakob Poeltl,Basketball-Reference 2025-26 regular-season team totals + LEBRON CSV + user-supplied team W/L,https://www.basketball-reference.com/teams/TOR/2026.html
1627752,Taurean Prince,Taurean,Prince,2026,2025-26,MIL,MIL,SF,26,611,23.5,23.51,-2.427,-1.652,-0.776,0.018,Movement Shooter,Helper,32,50,0.39,false,1,taurean prince,exact_name,Taurean Prince,Basketball-Reference 2025-26 regular-season team totals + LEBRON CSV + user-supplied team W/L,https://www.basketball-reference.com/teams/MIL/2026.html
1627759,Jaylen Brown,Jaylen,Brown,2026,2025-26,BOS,BOS,SF,71,2443,34.408,34.404,1.515,1.865,-0.351,6.082,Shot Creator,Helper,56,26,0.683,false,1,jaylen brown,exact_name,Jaylen Brown,Basketball-Reference 2025-26 regular-season team totals + LEBRON CSV + user-supplied team W/L,https://www.basketball-reference.com/teams/BOS/2026.html
1627780,Gary Payton Ii,Gary,Payton Ii,2026,2025-26,GSW,GSW,SG,73,1142,15.644,15.643,1.664,1.308,0.356,2.949,Stretch Big,Chaser,37,45,0.451,false,1,gary payton ii,exact_name,Gary Payton Ii,Basketball-Reference 2025-26 regular-season team totals + LEBRON CSV + user-supplied team W/L,https://www.basketball-reference.com/teams/GSW/2026.html
1627783,Pascal Siakam,Pascal,Siakam,2026,2025-26,IND,IND,PF,62,2057,33.177,33.17,0.951,1.685,-0.734,4.397,Shot Creator,Wing Stopper,19,63,0.232,false,1,pascal siakam,exact_name,Pascal Siakam,Basketball-Reference 2025-26 regular-season team totals + LEBRON CSV + user-supplied team W/L,https://www.basketball-reference.com/teams/IND/2026.html
1627824,Guerschon Yabusele,Guerschon,Yabusele,2026,2025-26,NYK,NYK/CHI,C,41,366,8.927,15.029,-1.214,-0.762,-0.452,0.786,Stretch Big,Mobile Big,53,29,0.646,true,2,guerschon yabusele,exact_name,Guerschon Yabusele,Basketball-Reference 2025-26 regular-season team totals + LEBRON CSV + user-supplied team W/L,https://www.basketball-reference.com/teams/NYK/2026.html
1627824,Guerschon Yabusele,Guerschon,Yabusele,2026,2025-26,CHI,NYK/CHI,C,26,641,24.654,15.029,-1.214,-0.762,-0.452,0.786,Stretch Big,Mobile Big,31,51,0.378,true,2,guerschon yabusele,exact_name,Guerschon Yabusele,Basketball-Reference 2025-26 regular-season team totals + LEBRON CSV + user-supplied team W/L,https://www.basketball-reference.com/teams/CHI/2026.html
1627826,Ivica Zubac,Ivica,Zubac,2026,2025-26,LAC,LAC/IND,C,43,1328,30.884,30.136,-0.136,-0.274,0.138,2.107,Post Scorer,Anchor Big,42,40,0.512,true,2,ivica zubac,exact_name,Ivica Zubac,Basketball-Reference 2025-26 regular-season team totals + LEBRON CSV + user-supplied team W/L,https://www.basketball-reference.com/teams/LAC/2026.html
1627826,Ivica Zubac,Ivica,Zubac,2026,2025-26,IND,LAC/IND,C,5,118,23.6,30.136,-0.136,-0.274,0.138,2.107,Post Scorer,Anchor Big,19,63,0.232,true,2,ivica zubac,exact_name,Ivica Zubac,Basketball-Reference 2025-26 regular-season team totals + LEBRON CSV + user-supplied team W/L,https://www.basketball-reference.com/teams/IND/2026.html
1627827,Dorian Finney-Smith,Dorian,Finney-Smith,2026,2025-26,HOU,HOU,PF,37,620,16.757,16.761,-3.248,-2.775,-0.472,-0.292,Stationary Shooter,Wing Stopper,52,30,0.634,false,1,dorian finney smith,exact_name,Dorian Finney-Smith,Basketball-Reference 2025-26 regular-season team totals + LEBRON CSV + user-supplied team W/L,https://www.basketball-reference.com/teams/HOU/2026.html
1627884,Derrick Jones Jr.,Derrick,Jones Jr.,2026,2025-26,LAC,LAC,SF,50,1350,27,26.99,0.007,-0.781,0.788,2.086,Stationary Shooter,Point of Attack,42,40,0.512,false,1,derrick jones jr,exact_name,Derrick Jones Jr.,Basketball-Reference 2025-26 regular-season team totals + LEBRON CSV + user-supplied team W/L,https://www.basketball-reference.com/teams/LAC/2026.html
1627936,Alex Caruso,Alex,Caruso,2026,2025-26,OKC,OKC,SG,56,1020,18.214,18.216,2.297,0.166,2.132,3.035,Stationary Shooter,Wing Stopper,64,18,0.78,false,1,alex caruso,exact_name,Alex Caruso,Basketball-Reference 2025-26 regular-season team totals + LEBRON CSV + user-supplied team W/L,https://www.basketball-reference.com/teams/OKC/2026.html
1628366,Lonzo Ball,Lonzo,Ball,2026,2025-26,CLE,CLE,PG,35,728,20.8,20.789,-0.418,-0.976,0.558,0.931,Movement Shooter,Chaser,52,30,0.634,false,1,lonzo ball,exact_name,Lonzo Ball,Basketball-Reference 2025-26 regular-season team totals + LEBRON CSV + user-supplied team W/L,https://www.basketball-reference.com/teams/CLE/2026.html
1628368,De'Aaron Fox,De'Aaron,Fox,2026,2025-26,SAS,SAS,PG,72,2231,30.986,30.986,1.7,1.478,0.222,5.812,Shot Creator,Point of Attack,62,20,0.756,false,1,de aaron fox,exact_name,De'Aaron Fox,Basketball-Reference 2025-26 regular-season team totals + LEBRON CSV + user-supplied team W/L,https://www.basketball-reference.com/teams/SAS/2026.html
1628369,Jayson Tatum,Jayson,Tatum,2026,2025-26,BOS,BOS,PF,16,522,32.625,32.612,3.887,3.047,0.841,2.055,Shot Creator,Wing Stopper,56,26,0.683,false,1,jayson tatum,exact_name,Jayson Tatum,Basketball-Reference 2025-26 regular-season team totals + LEBRON CSV + user-supplied team W/L,https://www.basketball-reference.com/teams/BOS/2026.html
1628370,Malik Monk,Malik,Monk,2026,2025-26,SAC,SAC,SG,62,1364,22,21.993,-1.96,-0.028,-1.932,0.432,Secondary Ball Handler,Low Activity,22,60,0.268,false,1,malik monk,exact_name,Malik Monk,Basketball-Reference 2025-26 regular-season team totals + LEBRON CSV + user-supplied team W/L,https://www.basketball-reference.com/teams/SAC/2026.html
1628371,Jonathan Isaac,Jonathan,Isaac,2026,2025-26,ORL,ORL,PF,52,521,10.019,10.013,0.169,-1.414,1.583,0.858,Stretch Big,Helper,45,37,0.549,false,1,jonathan isaac,exact_name,Jonathan Isaac,Basketball-Reference 2025-26 regular-season team totals + LEBRON CSV + user-supplied team W/L,https://www.basketball-reference.com/teams/ORL/2026.html
1628374,Lauri Markkanen,Lauri,Markkanen,2026,2025-26,UTA,UTA,PF,42,1443,34.357,34.346,2.234,2.327,-0.094,4.234,Off Screen Shooter,Wing Stopper,22,60,0.268,false,1,lauri markkanen,exact_name,Lauri Markkanen,Basketball-Reference 2025-26 regular-season team totals + LEBRON CSV + user-supplied team W/L,https://www.basketball-reference.com/teams/UTA/2026.html
1628378,Donovan Mitchell,Donovan,Mitchell,2026,2025-26,CLE,CLE,SG,70,2342,33.457,33.456,3.426,3.7,-0.274,8.578,Shot Creator,Helper,52,30,0.634,false,1,donovan mitchell,exact_name,Donovan Mitchell,Basketball-Reference 2025-26 regular-season team totals + LEBRON CSV + user-supplied team W/L,https://www.basketball-reference.com/teams/CLE/2026.html
1628379,Luke Kennard,Luke,Kennard,2026,2025-26,ATL,ATL/LAL,SG,46,944,20.522,21.541,-2.908,-1.122,-1.786,-0.446,Off Screen Shooter,Chaser,46,36,0.561,true,2,luke kennard,exact_name,Luke Kennard,Basketball-Reference 2025-26 regular-season team totals + LEBRON CSV + user-supplied team W/L,https://www.basketball-reference.com/teams/ATL/2026.html
1628379,Luke Kennard,Luke,Kennard,2026,2025-26,LAL,ATL/LAL,SG,32,737,23.031,21.541,-2.908,-1.122,-1.786,-0.446,Off Screen Shooter,Chaser,53,29,0.646,true,2,luke kennard,exact_name,Luke Kennard,Basketball-Reference 2025-26 regular-season team totals + LEBRON CSV + user-supplied team W/L,https://www.basketball-reference.com/teams/LAL/2026.html
1628381,John Collins,John,Collins,2026,2025-26,LAC,LAC,PF,69,1872,27.13,27.121,-0.078,-0.455,0.376,2.793,Stationary Shooter,Helper,42,40,0.512,false,1,john collins,exact_name,John Collins,Basketball-Reference 2025-26 regular-season team totals + LEBRON CSV + user-supplied team W/L,https://www.basketball-reference.com/teams/LAC/2026.html
1628384,Og Anunoby,Og,Anunoby,2026,2025-26,NYK,NYK,PF,67,2224,33.194,33.19,1.821,0.096,1.724,5.96,Stationary Shooter,Wing Stopper,53,29,0.646,false,1,og anunoby,exact_name,Og Anunoby,Basketball-Reference 2025-26 regular-season team totals + LEBRON CSV + user-supplied team W/L,https://www.basketball-reference.com/teams/NYK/2026.html
1628386,Jarrett Allen,Jarrett,Allen,2026,2025-26,CLE,CLE,C,56,1519,27.125,27.124,2.134,0.939,1.195,4.365,Roll + Cut Big,Mobile Big,52,30,0.634,false,1,jarrett allen,exact_name,Jarrett Allen,Basketball-Reference 2025-26 regular-season team totals + LEBRON CSV + user-supplied team W/L,https://www.basketball-reference.com/teams/CLE/2026.html
1628389,Bam Adebayo,Bam,Adebayo,2026,2025-26,MIA,MIA,C,73,2365,32.397,32.392,3.486,1.508,1.978,8.745,Shot Creator,Helper,43,39,0.524,false,1,bam adebayo,exact_name,Bam Adebayo,Basketball-Reference 2025-26 regular-season team totals + LEBRON CSV + user-supplied team W/L,https://www.basketball-reference.com/teams/MIA/2026.html
1628392,Isaiah Hartenstein,Isaiah,Hartenstein,2026,2025-26,OKC,OKC,C,47,1137,24.191,24.197,3.554,0.957,2.597,4.253,Roll + Cut Big,Mobile Big,64,18,0.78,false,1,isaiah hartenstein,exact_name,Isaiah Hartenstein,Basketball-Reference 2025-26 regular-season team totals + LEBRON CSV + user-supplied team W/L,https://www.basketball-reference.com/teams/OKC/2026.html
1628396,Tony Bradley,Tony,Bradley,2026,2025-26,IND,IND/ATL,C,38,416,10.947,10.991,-1.917,-1.366,-0.551,0.155,Roll + Cut Big,Mobile Big,19,63,0.232,true,2,tony bradley,exact_name,Tony Bradley,Basketball-Reference 2025-26 regular-season team totals + LEBRON CSV + user-supplied team W/L,https://www.basketball-reference.com/teams/IND/2026.html
1628396,Tony Bradley,Tony,Bradley,2026,2025-26,ATL,IND/ATL,C,3,34,11.333,10.991,-1.917,-1.366,-0.551,0.155,Roll + Cut Big,Mobile Big,46,36,0.561,true,2,tony bradley,exact_name,Tony Bradley,Basketball-Reference 2025-26 regular-season team totals + LEBRON CSV + user-supplied team W/L,https://www.basketball-reference.com/teams/ATL/2026.html
1628398,Kyle Kuzma,Kyle,Kuzma,2026,2025-26,MIL,MIL,PF,69,1806,26.174,26.168,-2.025,-0.768,-1.256,0.5,Movement Shooter,Wing Stopper,32,50,0.39,false,1,kyle kuzma,exact_name,Kyle Kuzma,Basketball-Reference 2025-26 regular-season team totals + LEBRON CSV + user-supplied team W/L,https://www.basketball-reference.com/teams/MIL/2026.html
1628401,Derrick White,Derrick,White,2026,2025-26,BOS,BOS,SG,77,2625,34.091,34.088,4.594,2.271,2.324,11.43,Primary Ball Handler,Chaser,56,26,0.683,false,1,derrick white,exact_name,Derrick White,Basketball-Reference 2025-26 regular-season team totals + LEBRON CSV + user-supplied team W/L,https://www.basketball-reference.com/teams/BOS/2026.html
1628404,Josh Hart,Josh,Hart,2026,2025-26,NYK,NYK,SF,66,1994,30.212,30.203,1.317,0.271,1.046,4.718,Stationary Shooter,Wing Stopper,53,29,0.646,false,1,josh hart,exact_name,Josh Hart,Basketball-Reference 2025-26 regular-season team totals + LEBRON CSV + user-supplied team W/L,https://www.basketball-reference.com/teams/NYK/2026.html
1628415,Dillon Brooks,Dillon,Brooks,2026,2025-26,PHO,PHO,SF,56,1702,30.393,30.381,-0.116,-0.035,-0.082,2.499,Shot Creator,Wing Stopper,45,37,0.549,false,1,dillon brooks,exact_name,Dillon Brooks,Basketball-Reference 2025-26 regular-season team totals + LEBRON CSV + user-supplied team W/L,https://www.basketball-reference.com/teams/PHO/2026.html
1628418,Thomas Bryant,Thomas,Bryant,2026,2025-26,CLE,CLE,C,60,732,12.2,12.194,0.349,0.236,0.113,1.288,Stretch Big,Mobile Big,52,30,0.634,false,1,thomas bryant,exact_name,Thomas Bryant,Basketball-Reference 2025-26 regular-season team totals + LEBRON CSV + user-supplied team W/L,https://www.basketball-reference.com/teams/CLE/2026.html
1628436,Luke Kornet,Luke,Kornet,2026,2025-26,SAS,SAS,C,68,1430,21.029,21.027,0.875,-0.218,1.094,2.989,Roll + Cut Big,Anchor Big,62,20,0.756,false,1,luke kornet,exact_name,Luke Kornet,Basketball-Reference 2025-26 regular-season team totals + LEBRON CSV + user-supplied team W/L,https://www.basketball-reference.com/teams/SAS/2026.html
1628467,Maxi Kleber,Maxi,Kleber,2026,2025-26,LAL,LAL,PF,43,461,10.721,10.721,-2.503,-2.747,0.244,-0.008,Athletic Finisher,Mobile Big,53,29,0.646,false,1,maxi kleber,exact_name,Maxi Kleber,Basketball-Reference 2025-26 regular-season team totals + LEBRON CSV + user-supplied team W/L,https://www.basketball-reference.com/teams/LAL/2026.html
1628960,Grayson Allen,Grayson,Allen,2026,2025-26,PHO,PHO,SG,51,1467,28.765,28.767,0.496,1.864,-1.368,2.718,Primary Ball Handler,Chaser,45,37,0.549,false,1,grayson allen,exact_name,Grayson Allen,Basketball-Reference 2025-26 regular-season team totals + LEBRON CSV + user-supplied team W/L,https://www.basketball-reference.com/teams/PHO/2026.html
1628963,Marvin Bagley Iii,Marvin,Bagley Iii,2026,2025-26,WAS,WAS/DAL,PF,38,731,19.237,20.013,-0.231,0.27,-0.501,1.677,Roll + Cut Big,Mobile Big,17,65,0.207,true,2,marvin bagley iii,exact_name,Marvin Bagley Iii,Basketball-Reference 2025-26 regular-season team totals + LEBRON CSV + user-supplied team W/L,https://www.basketball-reference.com/teams/WAS/2026.html
1628963,Marvin Bagley Iii,Marvin,Bagley Iii,2026,2025-26,DAL,WAS/DAL,PF,22,470,21.364,20.013,-0.231,0.27,-0.501,1.677,Roll + Cut Big,Mobile Big,26,56,0.317,true,2,marvin bagley iii,exact_name,Marvin Bagley Iii,Basketball-Reference 2025-26 regular-season team totals + LEBRON CSV + user-supplied team W/L,https://www.basketball-reference.com/teams/DAL/2026.html
1628969,Mikal Bridges,Mikal,Bridges,2026,2025-26,NYK,NYK,SF,82,2692,32.829,32.824,2.232,1.336,0.896,7.898,Movement Shooter,Point of Attack,53,29,0.646,false,1,mikal bridges,exact_name,Mikal Bridges,Basketball-Reference 2025-26 regular-season team totals + LEBRON CSV + user-supplied team W/L,https://www.basketball-reference.com/teams/NYK/2026.html
1628970,Miles Bridges,Miles,Bridges,2026,2025-26,CHO,CHO,PF,77,2387,31,31,0.843,0.948,-0.104,4.943,Shot Creator,Wing Stopper,44,38,0.537,false,1,miles bridges,exact_name,Miles Bridges,Basketball-Reference 2025-26 regular-season team totals + LEBRON CSV + user-supplied team W/L,https://www.basketball-reference.com/teams/CHO/2026.html
1628971,Bruce Brown,Bruce,Brown,2026,2025-26,DEN,DEN,SG,82,1998,24.366,24.361,-2.217,-1.82,-0.397,0.315,Stationary Shooter,Point of Attack,54,28,0.659,false,1,bruce brown,exact_name,Bruce Brown,Basketball-Reference 2025-26 regular-season team totals + LEBRON CSV + user-supplied team W/L,https://www.basketball-reference.com/teams/DEN/2026.html
1628973,Jalen Brunson,Jalen,Brunson,2026,2025-26,NYK,NYK,PG,74,2590,35,34.993,2.077,3.528,-1.45,7.351,Shot Creator,Low Activity,53,29,0.646,false,1,jalen brunson,exact_name,Jalen Brunson,Basketball-Reference 2025-26 regular-season team totals + LEBRON CSV + user-supplied team W/L,https://www.basketball-reference.com/teams/NYK/2026.html
1628975,Jevon Carter,Jevon,Carter,2026,2025-26,CHI,CHI/ORL,PG,23,254,11.043,16.366,-1.081,-0.442,-0.639,0.749,Movement Shooter,Chaser,31,51,0.378,true,2,jevon carter,exact_name,Jevon Carter,Basketball-Reference 2025-26 regular-season team totals + LEBRON CSV + user-supplied team W/L,https://www.basketball-reference.com/teams/CHI/2026.html
1628975,Jevon Carter,Jevon,Carter,2026,2025-26,ORL,CHI/ORL,PG,30,613,20.433,16.366,-1.081,-0.442,-0.639,0.749,Movement Shooter,Chaser,45,37,0.549,true,2,jevon carter,exact_name,Jevon Carter,Basketball-Reference 2025-26 regular-season team totals + LEBRON CSV + user-supplied team W/L,https://www.basketball-reference.com/teams/ORL/2026.html
1628976,Wendell Carter Jr.,Wendell,Carter Jr.,2026,2025-26,ORL,ORL,C,78,2288,29.333,29.336,0.313,-1.013,1.326,3.977,Stretch Big,Mobile Big,45,37,0.549,false,1,wendell carter jr,exact_name,Wendell Carter Jr.,Basketball-Reference 2025-26 regular-season team totals + LEBRON CSV + user-supplied team W/L,https://www.basketball-reference.com/teams/ORL/2026.html
1628978,Donte Divincenzo,Donte,Divincenzo,2026,2025-26,MIN,MIN,SG,82,2494,30.415,30.413,0.556,0.196,0.359,4.714,Movement Shooter,Chaser,49,33,0.598,false,1,donte divincenzo,exact_name,Donte Divincenzo,Basketball-Reference 2025-26 regular-season team totals + LEBRON CSV + user-supplied team W/L,https://www.basketball-reference.com/teams/MIN/2026.html
1628983,Shai Gilgeous-Alexander,Shai,Gilgeous-Alexander,2026,2025-26,OKC,OKC,PG,68,2259,33.221,33.218,6.661,5.763,0.898,12.453,Shot Creator,Low Activity,64,18,0.78,false,1,shai gilgeous alexander,exact_name,Shai Gilgeous-Alexander,Basketball-Reference 2025-26 regular-season team totals + LEBRON CSV + user-supplied team W/L,https://www.basketball-reference.com/teams/OKC/2026.html
1628988,Aaron Holiday,Aaron,Holiday,2026,2025-26,HOU,HOU,PG,57,781,13.702,13.695,-1.967,-1.185,-0.782,0.244,Secondary Ball Handler,Point of Attack,52,30,0.634,false,1,aaron holiday,exact_name,Aaron Holiday,Basketball-Reference 2025-26 regular-season team totals + LEBRON CSV + user-supplied team W/L,https://www.basketball-reference.com/teams/HOU/2026.html
1628989,Kevin Huerter,Kevin,Huerter,2026,2025-26,CHI,CHI/DET,SF,44,1037,23.568,22.447,-0.019,0.286,-0.305,2.369,Movement Shooter,Chaser,31,51,0.378,true,2,kevin huerter,exact_name,Kevin Huerter,Basketball-Reference 2025-26 regular-season team totals + LEBRON CSV + user-supplied team W/L,https://www.basketball-reference.com/teams/CHI/2026.html
1628989,Kevin Huerter,Kevin,Huerter,2026,2025-26,DET,CHI/DET,SF,25,512,20.48,22.447,-0.019,0.286,-0.305,2.369,Movement Shooter,Chaser,60,22,0.732,true,2,kevin huerter,exact_name,Kevin Huerter,Basketball-Reference 2025-26 regular-season team totals + LEBRON CSV + user-supplied team W/L,https://www.basketball-reference.com/teams/DET/2026.html
1628991,Jaren Jackson Jr.,Jaren,Jackson Jr.,2026,2025-26,MEM,MEM/UTA,C,45,1382,30.711,30.302,0.197,-1.077,1.274,2.422,Shot Creator,Helper,25,57,0.305,true,2,jaren jackson jr,exact_name,Jaren Jackson Jr.,Basketball-Reference 2025-26 regular-season team totals + LEBRON CSV + user-supplied team W/L,https://www.basketball-reference.com/teams/MEM/2026.html
1628991,Jaren Jackson Jr.,Jaren,Jackson Jr.,2026,2025-26,UTA,MEM/UTA,C,3,72,24,30.302,0.197,-1.077,1.274,2.422,Shot Creator,Helper,22,60,0.268,true,2,jaren jackson jr,exact_name,Jaren Jackson Jr.,Basketball-Reference 2025-26 regular-season team totals + LEBRON CSV + user-supplied team W/L,https://www.basketball-reference.com/teams/UTA/2026.html
1628997,Caleb Martin,Caleb,Martin,2026,2025-26,DAL,DAL,SF,58,856,14.759,14.758,-1.446,-2.301,0.855,0.544,Stationary Shooter,Wing Stopper,26,56,0.317,false,1,caleb martin,exact_name,Caleb Martin,Basketball-Reference 2025-26 regular-season team totals + LEBRON CSV + user-supplied team W/L,https://www.basketball-reference.com/teams/DAL/2026.html
1629001,De'Anthony Melton,De'Anthony,Melton,2026,2025-26,GSW,GSW,PG,49,1125,22.959,22.961,0.576,-0.189,0.764,2.141,Primary Ball Handler,Point of Attack,37,45,0.451,false,1,de anthony melton,exact_name,De'Anthony Melton,Basketball-Reference 2025-26 regular-season team totals + LEBRON CSV + user-supplied team W/L,https://www.basketball-reference.com/teams/GSW/2026.html
1629004,Svi Mykhailiuk,Svi,Mykhailiuk,2026,2025-26,UTA,UTA,SF,50,1156,23.12,23.11,-1.752,-0.392,-1.36,0.515,Movement Shooter,Wing Stopper,22,60,0.268,false,1,svi mykhailiuk,exact_name,Svi Mykhailiuk,Basketball-Reference 2025-26 regular-season team totals + LEBRON CSV + user-supplied team W/L,https://www.basketball-reference.com/teams/UTA/2026.html
1629006,Josh Okogie,Josh,Okogie,2026,2025-26,HOU,HOU,SG,78,1354,17.359,17.352,-0.354,-1.011,0.657,1.786,Stationary Shooter,Wing Stopper,52,30,0.634,false,1,josh okogie,exact_name,Josh Okogie,Basketball-Reference 2025-26 regular-season team totals + LEBRON CSV + user-supplied team W/L,https://www.basketball-reference.com/teams/HOU/2026.html
1629008,Michael Porter Jr.,Michael,Porter Jr.,2026,2025-26,BRK,BRK,SF,52,1689,32.481,32.47,0.665,2.319,-1.653,3.308,Off Screen Shooter,Helper,20,62,0.244,false,1,michael porter jr,exact_name,Michael Porter Jr.,Basketball-Reference 2025-26 regular-season team totals + LEBRON CSV + user-supplied team W/L,https://www.basketball-reference.com/teams/BRK/2026.html
1629011,Mitchell Robinson,Mitchell,Robinson,2026,2025-26,NYK,NYK,C,60,1175,19.583,19.571,2.234,0.646,1.588,3.447,Athletic Finisher,Mobile Big,53,29,0.646,false,1,mitchell robinson,exact_name,Mitchell Robinson,Basketball-Reference 2025-26 regular-season team totals + LEBRON CSV + user-supplied team W/L,https://www.basketball-reference.com/teams/NYK/2026.html
1629012,Collin Sexton,Collin,Sexton,2026,2025-26,CHO,CHO/CHI,SG,42,938,22.333,23.721,-0.867,0.9,-1.767,1.61,Primary Ball Handler,Point of Attack,44,38,0.537,true,2,collin sexton,exact_name,Collin Sexton,Basketball-Reference 2025-26 regular-season team totals + LEBRON CSV + user-supplied team W/L,https://www.basketball-reference.com/teams/CHO/2026.html
1629012,Collin Sexton,Collin,Sexton,2026,2025-26,CHI,CHO/CHI,SG,26,676,26,23.721,-0.867,0.9,-1.767,1.61,Primary Ball Handler,Point of Attack,31,51,0.378,true,2,collin sexton,exact_name,Collin Sexton,Basketball-Reference 2025-26 regular-season team totals + LEBRON CSV + user-supplied team W/L,https://www.basketball-reference.com/teams/CHI/2026.html
1629013,Landry Shamet,Landry,Shamet,2026,2025-26,NYK,NYK,SG,51,1171,22.961,22.958,0.692,0.794,-0.102,2.314,Movement Shooter,Chaser,53,29,0.646,false,1,landry shamet,exact_name,Landry Shamet,Basketball-Reference 2025-26 regular-season team totals + LEBRON CSV + user-supplied team W/L,https://www.basketball-reference.com/teams/NYK/2026.html
1629014,Anfernee Simons,Anfernee,Simons,2026,2025-26,BOS,BOS/CHI,SG,49,1202,24.531,24.941,0.027,0.892,-0.865,2.138,Shot Creator,Chaser,56,26,0.683,true,2,anfernee simons,exact_name,Anfernee Simons,Basketball-Reference 2025-26 regular-season team totals + LEBRON CSV + user-supplied team W/L,https://www.basketball-reference.com/teams/BOS/2026.html
1629014,Anfernee Simons,Anfernee,Simons,2026,2025-26,CHI,BOS/CHI,SG,6,170,28.333,24.941,0.027,0.892,-0.865,2.138,Shot Creator,Chaser,31,51,0.378,true,2,anfernee simons,exact_name,Anfernee Simons,Basketball-Reference 2025-26 regular-season team totals + LEBRON CSV + user-supplied team W/L,https://www.basketball-reference.com/teams/CHI/2026.html
1629018,Gary Trent Jr.,Gary,Trent Jr.,2026,2025-26,MIL,MIL,SG,65,1377,21.185,21.188,-3.626,-1.636,-1.99,-0.963,Movement Shooter,Chaser,32,50,0.39,false,1,gary trent jr,exact_name,Gary Trent Jr.,Basketball-Reference 2025-26 regular-season team totals + LEBRON CSV + user-supplied team W/L,https://www.basketball-reference.com/teams/MIL/2026.html
1629020,Jarred Vanderbilt,Jarred,Vanderbilt,2026,2025-26,LAL,LAL,PF,65,1128,17.354,17.348,-0.941,-1.535,0.593,1.073,Stationary Shooter,Helper,53,29,0.646,false,1,jarred vanderbilt,exact_name,Jarred Vanderbilt,Basketball-Reference 2025-26 regular-season team totals + LEBRON CSV + user-supplied team W/L,https://www.basketball-reference.com/teams/LAL/2026.html
1629021,Moritz Wagner,Moritz,Wagner,2026,2025-26,ORL,ORL,C,36,427,11.861,11.848,-0.321,0.531,-0.852,0.572,Versatile Big,Mobile Big,45,37,0.549,false,1,moritz wagner,exact_name,Moritz Wagner,Basketball-Reference 2025-26 regular-season team totals + LEBRON CSV + user-supplied team W/L,https://www.basketball-reference.com/teams/ORL/2026.html
1629023,P.J. Washington,P.J.,Washington,2026,2025-26,DAL,DAL,PF,56,1736,31,30.992,-0.465,-0.98,0.515,2.169,Stationary Shooter,Wing Stopper,26,56,0.317,false,1,p j washington,exact_name,P.J. Washington,Basketball-Reference 2025-26 regular-season team totals + LEBRON CSV + user-supplied team W/L,https://www.basketball-reference.com/teams/DAL/2026.html
1629026,Kenrich Williams,Kenrich,Williams,2026,2025-26,OKC,OKC,PF,56,855,15.268,15.268,-0.801,-0.728,-0.073,0.889,Stationary Shooter,Helper,64,18,0.78,false,1,kenrich williams,exact_name,Kenrich Williams,Basketball-Reference 2025-26 regular-season team totals + LEBRON CSV + user-supplied team W/L,https://www.basketball-reference.com/teams/OKC/2026.html
1629027,Trae Young,Trae,Young,2026,2025-26,ATL,ATL/WAS,PG,10,280,28,25.582,0.928,2.227,-1.3,0.815,Primary Ball Handler,Chaser,46,36,0.561,true,2,trae young,exact_name,Trae Young,Basketball-Reference 2025-26 regular-season team totals + LEBRON CSV + user-supplied team W/L,https://www.basketball-reference.com/teams/ATL/2026.html
1629027,Trae Young,Trae,Young,2026,2025-26,WAS,ATL/WAS,PG,5,104,20.8,25.582,0.928,2.227,-1.3,0.815,Primary Ball Handler,Chaser,17,65,0.207,true,2,trae young,exact_name,Trae Young,Basketball-Reference 2025-26 regular-season team totals + LEBRON CSV + user-supplied team W/L,https://www.basketball-reference.com/teams/WAS/2026.html
1629028,Deandre Ayton,Deandre,Ayton,2026,2025-26,LAL,LAL,C,72,1958,27.194,27.198,-0.325,-0.986,0.66,2.619,Roll + Cut Big,Mobile Big,53,29,0.646,false,1,deandre ayton,exact_name,Deandre Ayton,Basketball-Reference 2025-26 regular-season team totals + LEBRON CSV + user-supplied team W/L,https://www.basketball-reference.com/teams/LAL/2026.html
1629029,Luka Doncic,Luka,Doncic,2026,2025-26,LAL,LAL,PG,64,2289,35.766,35.757,5.176,5.622,-0.446,10.733,Shot Creator,Helper,53,29,0.646,false,1,luka doncic,exact_name,Luka Doncic,Basketball-Reference 2025-26 regular-season team totals + LEBRON CSV + user-supplied team W/L,https://www.basketball-reference.com/teams/LAL/2026.html
1629048,Goga Bitadze,Goga,Bitadze,2026,2025-26,ORL,ORL,C,64,972,15.188,15.186,2.229,0.417,1.812,2.85,Roll + Cut Big,Mobile Big,45,37,0.549,false,1,goga bitadze,exact_name,Goga Bitadze,Basketball-Reference 2025-26 regular-season team totals + LEBRON CSV + user-supplied team W/L,https://www.basketball-reference.com/teams/ORL/2026.html
1629057,Robert Williams Iii,Robert,Williams Iii,2026,2025-26,POR,POR,C,59,1008,17.085,17.086,1.861,-0.439,2.299,2.727,Roll + Cut Big,Anchor Big,42,40,0.512,false,1,robert williams iii,exact_name,Robert Williams Iii,Basketball-Reference 2025-26 regular-season team totals + LEBRON CSV + user-supplied team W/L,https://www.basketball-reference.com/teams/POR/2026.html
1629060,Rui Hachimura,Rui,Hachimura,2026,2025-26,LAL,LAL,PF,68,1927,28.338,28.33,-2.237,-0.814,-1.423,0.281,Shot Creator,Helper,53,29,0.646,false,1,rui hachimura,exact_name,Rui Hachimura,Basketball-Reference 2025-26 regular-season team totals + LEBRON CSV + user-supplied team W/L,https://www.basketball-reference.com/teams/LAL/2026.html
1629111,Jock Landale,Jock,Landale,2026,2025-26,MEM,MEM/ATL,C,45,1060,23.556,22.145,0.04,0.471,-0.431,2.36,Stretch Big,Mobile Big,25,57,0.305,true,2,jock landale,exact_name,Jock Landale,Basketball-Reference 2025-26 regular-season team totals + LEBRON CSV + user-supplied team W/L,https://www.basketball-reference.com/teams/MEM/2026.html
1629111,Jock Landale,Jock,Landale,2026,2025-26,ATL,MEM/ATL,C,23,446,19.391,22.145,0.04,0.471,-0.431,2.36,Stretch Big,Mobile Big,46,36,0.561,true,2,jock landale,exact_name,Jock Landale,Basketball-Reference 2025-26 regular-season team totals + LEBRON CSV + user-supplied team W/L,https://www.basketball-reference.com/teams/ATL/2026.html
1629130,Duncan Robinson,Duncan,Robinson,2026,2025-26,DET,DET,SF,77,2113,27.442,27.438,1.096,1.241,-0.145,4.708,Off Screen Shooter,Low Activity,60,22,0.732,false,1,duncan robinson,exact_name,Duncan Robinson,Basketball-Reference 2025-26 regular-season team totals + LEBRON CSV + user-supplied team W/L,https://www.basketball-reference.com/teams/DET/2026.html
1629216,Gabe Vincent,Gabe,Vincent,2026,2025-26,LAL,LAL/ATL,PG,29,559,19.276,16.585,-2.914,-1.36,-1.554,-0.237,Movement Shooter,Point of Attack,53,29,0.646,true,2,gabe vincent,exact_name,Gabe Vincent,Basketball-Reference 2025-26 regular-season team totals + LEBRON CSV + user-supplied team W/L,https://www.basketball-reference.com/teams/LAL/2026.html
1629216,Gabe Vincent,Gabe,Vincent,2026,2025-26,ATL,LAL/ATL,PG,24,320,13.333,16.585,-2.914,-1.36,-1.554,-0.237,Movement Shooter,Point of Attack,46,36,0.561,true,2,gabe vincent,exact_name,Gabe Vincent,Basketball-Reference 2025-26 regular-season team totals + LEBRON CSV + user-supplied team W/L,https://www.basketball-reference.com/teams/ATL/2026.html
1629234,Drew Eubanks,Drew,Eubanks,2026,2025-26,SAC,SAC,C,42,552,13.143,13.148,-1.264,-2.175,0.912,0.414,Roll + Cut Big,Mobile Big,22,60,0.268,false,1,drew eubanks,exact_name,Drew Eubanks,Basketball-Reference 2025-26 regular-season team totals + LEBRON CSV + user-supplied team W/L,https://www.basketball-reference.com/teams/SAC/2026.html
1629599,Amir Coffey,Amir,Coffey,2026,2025-26,MIL,MIL/PHO,SG,30,265,8.833,10.662,-2.146,-1.805,-0.341,0.099,Stationary Shooter,Helper,32,50,0.39,true,2,amir coffey,exact_name,Amir Coffey,Basketball-Reference 2025-26 regular-season team totals + LEBRON CSV + user-supplied team W/L,https://www.basketball-reference.com/teams/MIL/2026.html
1629599,Amir Coffey,Amir,Coffey,2026,2025-26,PHO,MIL/PHO,SG,16,225,14.062,10.662,-2.146,-1.805,-0.341,0.099,Stationary Shooter,Helper,45,37,0.549,true,2,amir coffey,exact_name,Amir Coffey,Basketball-Reference 2025-26 regular-season team totals + LEBRON CSV + user-supplied team W/L,https://www.basketball-reference.com/teams/PHO/2026.html
1629611,Terance Mann,Terance,Mann,2026,2025-26,BRK,BRK,SG,63,1529,24.27,24.269,-2.437,-1.733,-0.704,0.035,Primary Ball Handler,Point of Attack,20,62,0.244,false,1,terance mann,exact_name,Terance Mann,Basketball-Reference 2025-26 regular-season team totals + LEBRON CSV + user-supplied team W/L,https://www.basketball-reference.com/teams/BRK/2026.html
1629614,Andrew Nembhard,Andrew,Nembhard,2026,2025-26,IND,IND,PG,57,1786,31.333,31.323,0.232,1.059,-0.827,3.012,Primary Ball Handler,Point of Attack,19,63,0.232,false,1,andrew nembhard,exact_name,Andrew Nembhard,Basketball-Reference 2025-26 regular-season team totals + LEBRON CSV + user-supplied team W/L,https://www.basketball-reference.com/teams/IND/2026.html
1629618,Jalen Pickett,Jalen,Pickett,2026,2025-26,DEN,DEN,SG,50,807,16.14,16.129,-2.886,-1.512,-1.374,-0.203,Secondary Ball Handler,Chaser,54,28,0.659,false,1,jalen pickett,exact_name,Jalen Pickett,Basketball-Reference 2025-26 regular-season team totals + LEBRON CSV + user-supplied team W/L,https://www.basketball-reference.com/teams/DEN/2026.html
1629622,Max Strus,Max,Strus,2026,2025-26,CLE,CLE,SF,12,288,24,24.024,-0.409,0.15,-0.559,0.37,Movement Shooter,Helper,52,30,0.634,false,1,max strus,exact_name,Max Strus,Basketball-Reference 2025-26 regular-season team totals + LEBRON CSV + user-supplied team W/L,https://www.basketball-reference.com/teams/CLE/2026.html
1629627,Zion Williamson,Zion,Williamson,2026,2025-26,NOP,NOP,PF,62,1841,29.694,29.693,0.439,1.746,-1.307,3.346,Shot Creator,Helper,26,56,0.317,false,1,zion williamson,exact_name,Zion Williamson,Basketball-Reference 2025-26 regular-season team totals + LEBRON CSV + user-supplied team W/L,https://www.basketball-reference.com/teams/NOP/2026.html
1629628,Rj Barrett,Rj,Barrett,2026,2025-26,TOR,TOR,SF,57,1726,30.281,30.275,1.195,1.229,-0.034,3.953,Movement Shooter,Helper,46,36,0.561,false,1,rj barrett,exact_name,Rj Barrett,Basketball-Reference 2025-26 regular-season team totals + LEBRON CSV + user-supplied team W/L,https://www.basketball-reference.com/teams/TOR/2026.html
1629630,Ja Morant,Ja,Morant,2026,2025-26,MEM,MEM,PG,20,569,28.45,28.423,1.478,1.706,-0.228,1.402,Shot Creator,Chaser,25,57,0.305,false,1,ja morant,exact_name,Ja Morant,Basketball-Reference 2025-26 regular-season team totals + LEBRON CSV + user-supplied team W/L,https://www.basketball-reference.com/teams/MEM/2026.html
1629631,De'Andre Hunter,De'Andre,Hunter,2026,2025-26,CLE,CLE/SAC,SF,43,1125,26.163,26.121,-0.754,-0.159,-0.595,1.256,Movement Shooter,Wing Stopper,52,30,0.634,true,2,de andre hunter,exact_name,De'Andre Hunter,Basketball-Reference 2025-26 regular-season team totals + LEBRON CSV + user-supplied team W/L,https://www.basketball-reference.com/teams/CLE/2026.html
1629631,De'Andre Hunter,De'Andre,Hunter,2026,2025-26,SAC,CLE/SAC,SF,2,51,25.5,26.121,-0.754,-0.159,-0.595,1.256,Movement Shooter,Wing Stopper,22,60,0.268,true,2,de andre hunter,exact_name,De'Andre Hunter,Basketball-Reference 2025-26 regular-season team totals + LEBRON CSV + user-supplied team W/L,https://www.basketball-reference.com/teams/SAC/2026.html
1629632,Coby White,Coby,White,2026,2025-26,CHI,CHI/CHO,SG,29,843,29.069,24.993,-0.163,1.645,-1.808,1.799,Shot Creator,Chaser,31,51,0.378,true,2,coby white,exact_name,Coby White,Basketball-Reference 2025-26 regular-season team totals + LEBRON CSV + user-supplied team W/L,https://www.basketball-reference.com/teams/CHI/2026.html
1629632,Coby White,Coby,White,2026,2025-26,CHO,CHI/CHO,SG,21,406,19.333,24.993,-0.163,1.645,-1.808,1.799,Shot Creator,Chaser,44,38,0.537,true,2,coby white,exact_name,Coby White,Basketball-Reference 2025-26 regular-season team totals + LEBRON CSV + user-supplied team W/L,https://www.basketball-reference.com/teams/CHO/2026.html
1629636,Darius Garland,Darius,Garland,2026,2025-26,CLE,CLE/LAC,PG,26,792,30.462,29.87,0.399,1.926,-1.527,2.409,Shot Creator,Chaser,52,30,0.634,true,2,darius garland,exact_name,Darius Garland,Basketball-Reference 2025-26 regular-season team totals + LEBRON CSV + user-supplied team W/L,https://www.basketball-reference.com/teams/CLE/2026.html
1629636,Darius Garland,Darius,Garland,2026,2025-26,LAC,CLE/LAC,PG,19,552,29.053,29.87,0.399,1.926,-1.527,2.409,Shot Creator,Chaser,42,40,0.512,true,2,darius garland,exact_name,Darius Garland,Basketball-Reference 2025-26 regular-season team totals + LEBRON CSV + user-supplied team W/L,https://www.basketball-reference.com/teams/LAC/2026.html
1629637,Jaxson Hayes,Jaxson,Hayes,2026,2025-26,LAL,LAL,C,66,1207,18.288,18.28,0.348,-0.042,0.39,2.123,Roll + Cut Big,Mobile Big,53,29,0.646,false,1,jaxson hayes,exact_name,Jaxson Hayes,Basketball-Reference 2025-26 regular-season team totals + LEBRON CSV + user-supplied team W/L,https://www.basketball-reference.com/teams/LAL/2026.html
1629638,Nickeil Alexander-Walker,Nickeil,Alexander-Walker,2026,2025-26,ATL,ATL,SG,78,2603,33.372,33.373,0.219,0.582,-0.362,4.371,Primary Ball Handler,Point of Attack,46,36,0.561,false,1,nickeil alexander walker,exact_name,Nickeil Alexander-Walker,Basketball-Reference 2025-26 regular-season team totals + LEBRON CSV + user-supplied team W/L,https://www.basketball-reference.com/teams/ATL/2026.html
1629639,Tyler Herro,Tyler,Herro,2026,2025-26,MIA,MIA,SG,33,1033,31.303,31.289,-0.468,0.664,-1.133,1.288,Shot Creator,Chaser,43,39,0.524,false,1,tyler herro,exact_name,Tyler Herro,Basketball-Reference 2025-26 regular-season team totals + LEBRON CSV + user-supplied team W/L,https://www.basketball-reference.com/teams/MIA/2026.html
1629640,Keldon Johnson,Keldon,Johnson,2026,2025-26,SAS,SAS,SF,82,1911,23.305,23.309,0.471,1.14,-0.67,3.511,Movement Shooter,Helper,62,20,0.756,false,1,keldon johnson,exact_name,Keldon Johnson,Basketball-Reference 2025-26 regular-season team totals + LEBRON CSV + user-supplied team W/L,https://www.basketball-reference.com/teams/SAS/2026.html
1629645,Kevin Porter Jr.,Kevin,Porter Jr.,2026,2025-26,MIL,MIL,PG,38,1261,33.184,33.183,1.251,0.975,0.276,2.933,Shot Creator,Point of Attack,32,50,0.39,false,1,kevin porter jr,exact_name,Kevin Porter Jr.,Basketball-Reference 2025-26 regular-season team totals + LEBRON CSV + user-supplied team W/L,https://www.basketball-reference.com/teams/MIL/2026.html
1629651,Nic Claxton,Nic,Claxton,2026,2025-26,BRK,BRK,C,69,1920,27.826,27.831,-1.35,-0.915,-0.434,1.337,Roll + Cut Big,Mobile Big,20,62,0.244,false,1,nic claxton,exact_name,Nic Claxton,Basketball-Reference 2025-26 regular-season team totals + LEBRON CSV + user-supplied team W/L,https://www.basketball-reference.com/teams/BRK/2026.html
1629652,Luguentz Dort,Luguentz,Dort,2026,2025-26,OKC,OKC,SF,69,1849,26.797,26.791,-0.815,-1.171,0.356,1.904,Stationary Shooter,Point of Attack,64,18,0.78,false,1,luguentz dort,exact_name,Luguentz Dort,Basketball-Reference 2025-26 regular-season team totals + LEBRON CSV + user-supplied team W/L,https://www.basketball-reference.com/teams/OKC/2026.html
1629655,Daniel Gafford,Daniel,Gafford,2026,2025-26,DAL,DAL,C,55,1195,21.727,21.714,0.836,-0.871,1.706,2.467,Roll + Cut Big,Mobile Big,26,56,0.317,false,1,daniel gafford,exact_name,Daniel Gafford,Basketball-Reference 2025-26 regular-season team totals + LEBRON CSV + user-supplied team W/L,https://www.basketball-reference.com/teams/DAL/2026.html
1629656,Quentin Grimes,Quentin,Grimes,2026,2025-26,PHI,PHI,SG,75,2206,29.413,29.408,-1.532,-0.421,-1.111,1.286,Movement Shooter,Chaser,45,37,0.549,false,1,quentin grimes,exact_name,Quentin Grimes,Basketball-Reference 2025-26 regular-season team totals + LEBRON CSV + user-supplied team W/L,https://www.basketball-reference.com/teams/PHI/2026.html
1629660,Ty Jerome,Ty,Jerome,2026,2025-26,MEM,MEM,SG,15,339,22.6,22.578,3.047,4.326,-1.279,1.163,Shot Creator,Helper,25,57,0.305,false,1,ty jerome,exact_name,Ty Jerome,Basketball-Reference 2025-26 regular-season team totals + LEBRON CSV + user-supplied team W/L,https://www.basketball-reference.com/teams/MEM/2026.html
1629661,Cameron Johnson,Cameron,Johnson,2026,2025-26,DEN,DEN,SF,54,1647,30.5,30.498,0.574,0.806,-0.231,3.133,Movement Shooter,Helper,54,28,0.659,false,1,cameron johnson,exact_name,Cameron Johnson,Basketball-Reference 2025-26 regular-season team totals + LEBRON CSV + user-supplied team W/L,https://www.basketball-reference.com/teams/DEN/2026.html
1629673,Jordan Poole,Jordan,Poole,2026,2025-26,NOP,NOP,PG,39,933,23.923,23.927,-1.692,0.882,-2.574,0.451,Primary Ball Handler,Low Activity,26,56,0.317,false,1,jordan poole,exact_name,Jordan Poole,Basketball-Reference 2025-26 regular-season team totals + LEBRON CSV + user-supplied team W/L,https://www.basketball-reference.com/teams/NOP/2026.html
1629674,Neemias Queta,Neemias,Queta,2026,2025-26,BOS,BOS,C,76,1926,25.342,25.341,3.696,0.972,2.723,7.365,Roll + Cut Big,Anchor Big,56,26,0.683,false,1,neemias queta,exact_name,Neemias Queta,Basketball-Reference 2025-26 regular-season team totals + LEBRON CSV + user-supplied team W/L,https://www.basketball-reference.com/teams/BOS/2026.html
1629675,Naz Reid,Naz,Reid,2026,2025-26,MIN,MIN,C,77,2007,26.065,26.067,1.086,-0.011,1.096,4.46,Movement Shooter,Helper,49,33,0.598,false,1,naz reid,exact_name,Naz Reid,Basketball-Reference 2025-26 regular-season team totals + LEBRON CSV + user-supplied team W/L,https://www.basketball-reference.com/teams/MIN/2026.html
1629680,Matisse Thybulle,Matisse,Thybulle,2026,2025-26,POR,POR,SG,30,480,16,15.987,0.783,-1.768,2.551,0.975,Movement Shooter,Chaser,42,40,0.512,false,1,matisse thybulle,exact_name,Matisse Thybulle,Basketball-Reference 2025-26 regular-season team totals + LEBRON CSV + user-supplied team W/L,https://www.basketball-reference.com/teams/POR/2026.html
1629684,Grant Williams,Grant,Williams,2026,2025-26,CHO,CHO,PF,36,711,19.75,19.761,-0.117,-0.679,0.562,1.045,Movement Shooter,Wing Stopper,44,38,0.537,false,1,grant williams,exact_name,Grant Williams,Basketball-Reference 2025-26 regular-season team totals + LEBRON CSV + user-supplied team W/L,https://www.basketball-reference.com/teams/CHO/2026.html
1629723,John Konchar,John,Konchar,2026,2025-26,MEM,MEM/UTA,SG,30,435,14.5,19.903,-0.096,-1.356,1.26,1.651,Stationary Shooter,Helper,25,57,0.305,true,2,john konchar,exact_name,John Konchar,Basketball-Reference 2025-26 regular-season team totals + LEBRON CSV + user-supplied team W/L,https://www.basketball-reference.com/teams/MEM/2026.html
1629723,John Konchar,John,Konchar,2026,2025-26,UTA,MEM/UTA,SG,26,680,26.154,19.903,-0.096,-1.356,1.26,1.651,Stationary Shooter,Helper,22,60,0.268,true,2,john konchar,exact_name,John Konchar,Basketball-Reference 2025-26 regular-season team totals + LEBRON CSV + user-supplied team W/L,https://www.basketball-reference.com/teams/UTA/2026.html
1629731,Dean Wade,Dean,Wade,2026,2025-26,CLE,CLE,PF,59,1318,22.339,22.33,0.63,-0.287,0.917,2.552,Movement Shooter,Wing Stopper,52,30,0.634,false,1,dean wade,exact_name,Dean Wade,Basketball-Reference 2025-26 regular-season team totals + LEBRON CSV + user-supplied team W/L,https://www.basketball-reference.com/teams/CLE/2026.html
1629750,Javonte Green,Javonte,Green,2026,2025-26,DET,DET,SG,82,1446,17.634,17.63,0.663,-1.217,1.879,2.83,Stationary Shooter,Helper,60,22,0.732,false,1,javonte green,exact_name,Javonte Green,Basketball-Reference 2025-26 regular-season team totals + LEBRON CSV + user-supplied team W/L,https://www.basketball-reference.com/teams/DET/2026.html
1630162,Anthony Edwards,Anthony,Edwards,2026,2025-26,MIN,MIN,SG,61,2137,35.033,35.025,1.285,2.623,-1.337,5.014,Shot Creator,Chaser,49,33,0.598,false,1,anthony edwards,exact_name,Anthony Edwards,Basketball-Reference 2025-26 regular-season team totals + LEBRON CSV + user-supplied team W/L,https://www.basketball-reference.com/teams/MIN/2026.html
1630163,Lamelo Ball,Lamelo,Ball,2026,2025-26,CHO,CHO,PG,72,2017,28.014,28.016,2.775,3.285,-0.511,6.591,Primary Ball Handler,Low Activity,44,38,0.537,false,1,lamelo ball,exact_name,Lamelo Ball,Basketball-Reference 2025-26 regular-season team totals + LEBRON CSV + user-supplied team W/L,https://www.basketball-reference.com/teams/CHO/2026.html
1630165,Killian Hayes,Killian,Hayes,2026,2025-26,SAC,SAC,PG,23,406,17.652,17.63,-0.205,-0.669,0.464,0.573,Primary Ball Handler,Point of Attack,22,60,0.268,false,1,killian hayes,exact_name,Killian Hayes,Basketball-Reference 2025-26 regular-season team totals + LEBRON CSV + user-supplied team W/L,https://www.basketball-reference.com/teams/SAC/2026.html
1630166,Deni Avdija,Deni,Avdija,2026,2025-26,POR,POR,SF,66,2199,33.318,33.32,1.704,2.207,-0.504,5.734,Shot Creator,Helper,42,40,0.512,false,1,deni avdija,exact_name,Deni Avdija,Basketball-Reference 2025-26 regular-season team totals + LEBRON CSV + user-supplied team W/L,https://www.basketball-reference.com/teams/POR/2026.html
1630167,Obi Toppin,Obi,Toppin,2026,2025-26,IND,IND,PF,24,424,17.667,17.654,0.821,1.806,-0.985,0.871,Movement Shooter,Helper,19,63,0.232,false,1,obi toppin,exact_name,Obi Toppin,Basketball-Reference 2025-26 regular-season team totals + LEBRON CSV + user-supplied team W/L,https://www.basketball-reference.com/teams/IND/2026.html
1630168,Onyeka Okongwu,Onyeka,Okongwu,2026,2025-26,ATL,ATL,C,74,2297,31.041,31.038,0.853,-0.858,1.711,4.77,Stationary Shooter,Mobile Big,46,36,0.561,false,1,onyeka okongwu,exact_name,Onyeka Okongwu,Basketball-Reference 2025-26 regular-season team totals + LEBRON CSV + user-supplied team W/L,https://www.basketball-reference.com/teams/ATL/2026.html
1630170,Devin Vassell,Devin,Vassell,2026,2025-26,SAS,SAS,SG,67,2044,30.507,30.51,-0.084,0.769,-0.853,3.044,Movement Shooter,Helper,62,20,0.756,false,1,devin vassell,exact_name,Devin Vassell,Basketball-Reference 2025-26 regular-season team totals + LEBRON CSV + user-supplied team W/L,https://www.basketball-reference.com/teams/SAS/2026.html
1630171,Isaac Okoro,Isaac,Okoro,2026,2025-26,CHI,CHI,SG,63,1695,26.905,26.9,-2.212,-1.184,-1.027,0.273,Stationary Shooter,Wing Stopper,31,51,0.378,false,1,isaac okoro,exact_name,Isaac Okoro,Basketball-Reference 2025-26 regular-season team totals + LEBRON CSV + user-supplied team W/L,https://www.basketball-reference.com/teams/CHI/2026.html
1630172,Patrick Williams,Patrick,Williams,2026,2025-26,CHI,CHI,PF,72,1474,20.472,20.467,-2.714,-2.223,-0.491,-0.216,Stationary Shooter,Wing Stopper,31,51,0.378,false,1,patrick williams,exact_name,Patrick Williams,Basketball-Reference 2025-26 regular-season team totals + LEBRON CSV + user-supplied team W/L,https://www.basketball-reference.com/teams/CHI/2026.html
1630173,Precious Achiuwa,Precious,Achiuwa,2026,2025-26,SAC,SAC,C,73,1745,23.904,23.905,-0.112,-0.7,0.589,2.568,Athletic Finisher,Wing Stopper,22,60,0.268,false,1,precious achiuwa,exact_name,Precious Achiuwa,Basketball-Reference 2025-26 regular-season team totals + LEBRON CSV + user-supplied team W/L,https://www.basketball-reference.com/teams/SAC/2026.html
1630174,Aaron Nesmith,Aaron,Nesmith,2026,2025-26,IND,IND,SF,45,1335,29.667,29.663,-0.915,-0.061,-0.854,1.292,Off Screen Shooter,Wing Stopper,19,63,0.232,false,1,aaron nesmith,exact_name,Aaron Nesmith,Basketball-Reference 2025-26 regular-season team totals + LEBRON CSV + user-supplied team W/L,https://www.basketball-reference.com/teams/IND/2026.html
1630175,Cole Anthony,Cole,Anthony,2026,2025-26,MIL,MIL,PG,35,527,15.057,15.046,-2.157,-1.713,-0.444,0.103,Primary Ball Handler,Point of Attack,32,50,0.39,false,1,cole anthony,exact_name,Cole Anthony,Basketball-Reference 2025-26 regular-season team totals + LEBRON CSV + user-supplied team W/L,https://www.basketball-reference.com/teams/MIL/2026.html
1630178,Tyrese Maxey,Tyrese,Maxey,2026,2025-26,PHI,PHI,PG,70,2661,38.014,38.013,2.933,3.584,-0.651,8.951,Shot Creator,Chaser,45,37,0.549,false,1,tyrese maxey,exact_name,Tyrese Maxey,Basketball-Reference 2025-26 regular-season team totals + LEBRON CSV + user-supplied team W/L,https://www.basketball-reference.com/teams/PHI/2026.html
1630180,Saddiq Bey,Saddiq,Bey,2026,2025-26,NOP,NOP,SF,72,2246,31.194,31.187,-0.202,1.569,-1.771,3.177,Shot Creator,Helper,26,56,0.317,false,1,saddiq bey,exact_name,Saddiq Bey,Basketball-Reference 2025-26 regular-season team totals + LEBRON CSV + user-supplied team W/L,https://www.basketball-reference.com/teams/NOP/2026.html
1630182,Josh Green,Josh,Green,2026,2025-26,CHO,CHO,SG,58,908,15.655,15.649,-1.049,-1.288,0.239,0.802,Stationary Shooter,Point of Attack,44,38,0.537,false,1,josh green,exact_name,Josh Green,Basketball-Reference 2025-26 regular-season team totals + LEBRON CSV + user-supplied team W/L,https://www.basketball-reference.com/teams/CHO/2026.html
1630183,Jaden Mcdaniels,Jaden,Mcdaniels,2026,2025-26,MIN,MIN,PF,73,2316,31.726,31.729,-1.154,-1.387,0.233,1.896,Athletic Finisher,Point of Attack,49,33,0.598,false,1,jaden mcdaniels,exact_name,Jaden Mcdaniels,Basketball-Reference 2025-26 regular-season team totals + LEBRON CSV + user-supplied team W/L,https://www.basketball-reference.com/teams/MIN/2026.html
1630188,Jalen Smith,Jalen,Smith,2026,2025-26,CHI,CHI,C,53,1095,20.66,20.666,1.296,0.212,1.084,2.578,Stretch Big,Mobile Big,31,51,0.378,false,1,jalen smith,exact_name,Jalen Smith,Basketball-Reference 2025-26 regular-season team totals + LEBRON CSV + user-supplied team W/L,https://www.basketball-reference.com/teams/CHI/2026.html
1630191,Isaiah Stewart,Isaiah,Stewart,2026,2025-26,DET,DET,C,58,1317,22.707,22.707,-0.527,-0.879,0.352,1.595,Stretch Big,Mobile Big,60,22,0.732,false,1,isaiah stewart,exact_name,Isaiah Stewart,Basketball-Reference 2025-26 regular-season team totals + LEBRON CSV + user-supplied team W/L,https://www.basketball-reference.com/teams/DET/2026.html
1630192,Zeke Nnaji,Zeke,Nnaji,2026,2025-26,DEN,DEN,PF,52,626,12.038,12.036,-2.761,-2.635,-0.127,-0.11,Stretch Big,Helper,54,28,0.659,false,1,zeke nnaji,exact_name,Zeke Nnaji,Basketball-Reference 2025-26 regular-season team totals + LEBRON CSV + user-supplied team W/L,https://www.basketball-reference.com/teams/DEN/2026.html
1630193,Immanuel Quickley,Immanuel,Quickley,2026,2025-26,TOR,TOR,PG,70,2231,31.871,31.873,2.276,1.969,0.307,6.608,Primary Ball Handler,Point of Attack,46,36,0.561,false,1,immanuel quickley,exact_name,Immanuel Quickley,Basketball-Reference 2025-26 regular-season team totals + LEBRON CSV + user-supplied team W/L,https://www.basketball-reference.com/teams/TOR/2026.html
1630194,Paul Reed,Paul,Reed,2026,2025-26,DET,DET,C,65,901,13.862,13.854,2.024,0.076,1.948,2.527,Roll + Cut Big,Mobile Big,60,22,0.732,false,1,paul reed,exact_name,Paul Reed,Basketball-Reference 2025-26 regular-season team totals + LEBRON CSV + user-supplied team W/L,https://www.basketball-reference.com/teams/DET/2026.html
1630198,Isaiah Joe,Isaiah,Joe,2026,2025-26,OKC,OKC,SG,71,1507,21.225,21.228,0.93,0.947,-0.017,3.202,Movement Shooter,Chaser,64,18,0.78,false,1,isaiah joe,exact_name,Isaiah Joe,Basketball-Reference 2025-26 regular-season team totals + LEBRON CSV + user-supplied team W/L,https://www.basketball-reference.com/teams/OKC/2026.html
1630200,Tre Jones,Tre,Jones,2026,2025-26,CHI,CHI,PG,65,1752,26.954,26.958,1.229,1.41,-0.181,4.051,Slasher,Point of Attack,31,51,0.378,false,1,tre jones,exact_name,Tre Jones,Basketball-Reference 2025-26 regular-season team totals + LEBRON CSV + user-supplied team W/L,https://www.basketball-reference.com/teams/CHI/2026.html
1630202,Payton Pritchard,Payton,Pritchard,2026,2025-26,BOS,BOS,PG,79,2556,32.354,32.346,1.921,2.54,-0.618,7.008,Primary Ball Handler,Chaser,56,26,0.683,false,1,payton pritchard,exact_name,Payton Pritchard,Basketball-Reference 2025-26 regular-season team totals + LEBRON CSV + user-supplied team W/L,https://www.basketball-reference.com/teams/BOS/2026.html
1630208,Nick Richards,Nick,Richards,2026,2025-26,PHO,PHO/CHI,C,28,254,9.071,14.597,-1.693,-1.752,0.06,0.338,Roll + Cut Big,Mobile Big,45,37,0.549,true,2,nick richards,exact_name,Nick Richards,Basketball-Reference 2025-26 regular-season team totals + LEBRON CSV + user-supplied team W/L,https://www.basketball-reference.com/teams/PHO/2026.html
1630208,Nick Richards,Nick,Richards,2026,2025-26,CHI,PHO/CHI,C,20,447,22.35,14.597,-1.693,-1.752,0.06,0.338,Roll + Cut Big,Mobile Big,31,51,0.378,true,2,nick richards,exact_name,Nick Richards,Basketball-Reference 2025-26 regular-season team totals + LEBRON CSV + user-supplied team W/L,https://www.basketball-reference.com/teams/CHI/2026.html
1630217,Desmond Bane,Desmond,Bane,2026,2025-26,ORL,ORL,SG,82,2756,33.61,33.608,1.688,1.316,0.373,7.16,Primary Ball Handler,Chaser,45,37,0.549,false,1,desmond bane,exact_name,Desmond Bane,Basketball-Reference 2025-26 regular-season team totals + LEBRON CSV + user-supplied team W/L,https://www.basketball-reference.com/teams/ORL/2026.html
1630224,Jalen Green,Jalen,Green,2026,2025-26,PHO,PHO,SG,32,828,25.875,25.881,-0.448,0.761,-1.209,1.044,Shot Creator,Chaser,45,37,0.549,false,1,jalen green,exact_name,Jalen Green,Basketball-Reference 2025-26 regular-season team totals + LEBRON CSV + user-supplied team W/L,https://www.basketball-reference.com/teams/PHO/2026.html
1630228,Jonathan Kuminga,Jonathan,Kuminga,2026,2025-26,GSW,GSW/ATL,PF,20,476,23.8,23.068,-0.38,-0.566,0.186,1.082,Shot Creator,Helper,37,45,0.451,true,2,jonathan kuminga,exact_name,Jonathan Kuminga,Basketball-Reference 2025-26 regular-season team totals + LEBRON CSV + user-supplied team W/L,https://www.basketball-reference.com/teams/GSW/2026.html
1630228,Jonathan Kuminga,Jonathan,Kuminga,2026,2025-26,ATL,GSW/ATL,PF,16,354,22.125,23.068,-0.38,-0.566,0.186,1.082,Shot Creator,Helper,46,36,0.561,true,2,jonathan kuminga,exact_name,Jonathan Kuminga,Basketball-Reference 2025-26 regular-season team totals + LEBRON CSV + user-supplied team W/L,https://www.basketball-reference.com/teams/ATL/2026.html
1630230,Naji Marshall,Naji,Marshall,2026,2025-26,DAL,DAL,SF,74,2184,29.514,29.507,-1.088,-0.135,-0.953,1.876,Secondary Ball Handler,Wing Stopper,26,56,0.317,false,1,naji marshall,exact_name,Naji Marshall,Basketball-Reference 2025-26 regular-season team totals + LEBRON CSV + user-supplied team W/L,https://www.basketball-reference.com/teams/DAL/2026.html
1630241,Sam Merrill,Sam,Merrill,2026,2025-26,CLE,CLE,SG,52,1377,26.481,26.48,1.289,1.567,-0.278,3.235,Movement Shooter,Chaser,52,30,0.634,false,1,sam merrill,exact_name,Sam Merrill,Basketball-Reference 2025-26 regular-season team totals + LEBRON CSV + user-supplied team W/L,https://www.basketball-reference.com/teams/CLE/2026.html
1630245,Ayo Dosunmu,Ayo,Dosunmu,2026,2025-26,CHI,CHI/MIN,SG,45,1187,26.378,27.26,-1.198,-0.109,-1.089,1.487,Primary Ball Handler,Point of Attack,31,51,0.378,true,2,ayo dosunmu,exact_name,Ayo Dosunmu,Basketball-Reference 2025-26 regular-season team totals + LEBRON CSV + user-supplied team W/L,https://www.basketball-reference.com/teams/CHI/2026.html
1630245,Ayo Dosunmu,Ayo,Dosunmu,2026,2025-26,MIN,CHI/MIN,SG,24,694,28.917,27.26,-1.198,-0.109,-1.089,1.487,Primary Ball Handler,Point of Attack,49,33,0.598,true,2,ayo dosunmu,exact_name,Ayo Dosunmu,Basketball-Reference 2025-26 regular-season team totals + LEBRON CSV + user-supplied team W/L,https://www.basketball-reference.com/teams/MIN/2026.html
1630249,Vit Krejci,Vit,Krejci,2026,2025-26,ATL,ATL/POR,PG,46,1028,22.348,21.414,-1.356,-1.313,-0.044,0.963,Movement Shooter,Chaser,46,36,0.561,true,2,vit krejci,exact_name,Vit Krejci,Basketball-Reference 2025-26 regular-season team totals + LEBRON CSV + user-supplied team W/L,https://www.basketball-reference.com/teams/ATL/2026.html
1630249,Vit Krejci,Vit,Krejci,2026,2025-26,POR,ATL/POR,PG,19,364,19.158,21.414,-1.356,-1.313,-0.044,0.963,Movement Shooter,Chaser,42,40,0.512,true,2,vit krejci,exact_name,Vit Krejci,Basketball-Reference 2025-26 regular-season team totals + LEBRON CSV + user-supplied team W/L,https://www.basketball-reference.com/teams/POR/2026.html
1630264,Anthony Gill,Anthony,Gill,2026,2025-26,WAS,WAS,PF,55,951,17.291,17.289,-3.584,-2.586,-0.998,-0.641,Athletic Finisher,Anchor Big,17,65,0.207,false,1,anthony gill,exact_name,Anthony Gill,Basketball-Reference 2025-26 regular-season team totals + LEBRON CSV + user-supplied team W/L,https://www.basketball-reference.com/teams/WAS/2026.html
1630311,Pat Spencer,Pat,Spencer,2026,2025-26,GSW,GSW,PG,66,1229,18.621,18.616,-1.843,-0.989,-0.854,0.478,Primary Ball Handler,Chaser,37,45,0.451,false,1,pat spencer,exact_name,Pat Spencer,Basketball-Reference 2025-26 regular-season team totals + LEBRON CSV + user-supplied team W/L,https://www.basketball-reference.com/teams/GSW/2026.html
1630314,Brandon Williams,Brandon,Williams,2026,2025-26,DAL,DAL,PG,66,1463,22.167,22.158,1.036,1.122,-0.086,3.204,Primary Ball Handler,Point of Attack,26,56,0.317,false,1,brandon williams,exact_name,Brandon Williams,Basketball-Reference 2025-26 regular-season team totals + LEBRON CSV + user-supplied team W/L,https://www.basketball-reference.com/teams/DAL/2026.html
1630526,Jeremiah Robinson-Earl,Jeremiah,Robinson-Earl,2026,2025-26,IND,IND/DAL,PF,17,300,17.647,16.388,-1.611,-0.797,-0.814,0.192,Movement Shooter,Helper,19,63,0.232,true,2,jeremiah robinson earl,exact_name,Jeremiah Robinson-Earl,Basketball-Reference 2025-26 regular-season team totals + LEBRON CSV + user-supplied team W/L,https://www.basketball-reference.com/teams/IND/2026.html
1630526,Jeremiah Robinson-Earl,Jeremiah,Robinson-Earl,2026,2025-26,DAL,IND/DAL,PF,5,61,12.2,16.388,-1.611,-0.797,-0.814,0.192,Movement Shooter,Helper,26,56,0.317,true,2,jeremiah robinson earl,exact_name,Jeremiah Robinson-Earl,Basketball-Reference 2025-26 regular-season team totals + LEBRON CSV + user-supplied team W/L,https://www.basketball-reference.com/teams/DAL/2026.html
1630529,Herbert Jones,Herbert,Jones,2026,2025-26,NOP,NOP,SF,56,1588,28.357,28.362,-0.274,-1.269,0.995,2.175,Movement Shooter,Wing Stopper,26,56,0.317,false,1,herbert jones,exact_name,Herbert Jones,Basketball-Reference 2025-26 regular-season team totals + LEBRON CSV + user-supplied team W/L,https://www.basketball-reference.com/teams/NOP/2026.html
1630530,Trey Murphy Iii,Trey,Murphy Iii,2026,2025-26,NOP,NOP,SF,66,2341,35.47,35.461,0.541,1.476,-0.935,4.402,Secondary Ball Handler,Helper,26,56,0.317,false,1,trey murphy iii,exact_name,Trey Murphy Iii,Basketball-Reference 2025-26 regular-season team totals + LEBRON CSV + user-supplied team W/L,https://www.basketball-reference.com/teams/NOP/2026.html
1630532,Franz Wagner,Franz,Wagner,2026,2025-26,ORL,ORL,SF,34,1019,29.971,29.969,2.297,1.688,0.608,3.031,Shot Creator,Helper,45,37,0.549,false,1,franz wagner,exact_name,Franz Wagner,Basketball-Reference 2025-26 regular-season team totals + LEBRON CSV + user-supplied team W/L,https://www.basketball-reference.com/teams/ORL/2026.html
1630533,Ziaire Williams,Ziaire,Williams,2026,2025-26,BRK,BRK,SF,56,1281,22.875,22.878,-1.191,-1.8,0.608,1.019,Movement Shooter,Wing Stopper,20,62,0.244,false,1,ziaire williams,exact_name,Ziaire Williams,Basketball-Reference 2025-26 regular-season team totals + LEBRON CSV + user-supplied team W/L,https://www.basketball-reference.com/teams/BRK/2026.html
1630534,Ochai Agbaji,Ochai,Agbaji,2026,2025-26,TOR,TOR/BRK,SG,42,650,15.476,15.695,-2.028,-1.91,-0.118,0.267,Movement Shooter,Chaser,46,36,0.561,true,2,ochai agbaji,exact_name,Ochai Agbaji,Basketball-Reference 2025-26 regular-season team totals + LEBRON CSV + user-supplied team W/L,https://www.basketball-reference.com/teams/TOR/2026.html
1630534,Ochai Agbaji,Ochai,Agbaji,2026,2025-26,BRK,TOR/BRK,SG,20,323,16.15,15.695,-2.028,-1.91,-0.118,0.267,Movement Shooter,Chaser,20,62,0.244,true,2,ochai agbaji,exact_name,Ochai Agbaji,Basketball-Reference 2025-26 regular-season team totals + LEBRON CSV + user-supplied team W/L,https://www.basketball-reference.com/teams/BRK/2026.html
1630536,Sharife Cooper,Sharife,Cooper,2026,2025-26,WAS,WAS,PG,41,700,17.073,17.073,-2.442,-1.014,-1.428,0.014,Shot Creator,Point of Attack,17,65,0.207,false,1,sharife cooper,exact_name,Sharife Cooper,Basketball-Reference 2025-26 regular-season team totals + LEBRON CSV + user-supplied team W/L,https://www.basketball-reference.com/teams/WAS/2026.html
1630538,Bones Hyland,Bones,Hyland,2026,2025-26,MIN,MIN,PG,71,1177,16.577,16.574,1.322,1.562,-0.24,2.789,Primary Ball Handler,Chaser,49,33,0.598,false,1,bones hyland,exact_name,Bones Hyland,Basketball-Reference 2025-26 regular-season team totals + LEBRON CSV + user-supplied team W/L,https://www.basketball-reference.com/teams/MIN/2026.html
1630540,Miles Mcbride,Miles,Mcbride,2026,2025-26,NYK,NYK,SG,41,1080,26.341,26.34,0.971,1.331,-0.36,2.323,Secondary Ball Handler,Point of Attack,53,29,0.646,false,1,miles mcbride,exact_name,Miles Mcbride,Basketball-Reference 2025-26 regular-season team totals + LEBRON CSV + user-supplied team W/L,https://www.basketball-reference.com/teams/NYK/2026.html
1630541,Moses Moody,Moses,Moody,2026,2025-26,GSW,GSW,SG,60,1540,25.667,25.66,0.325,-0.325,0.65,2.688,Movement Shooter,Wing Stopper,37,45,0.451,false,1,moses moody,exact_name,Moses Moody,Basketball-Reference 2025-26 regular-season team totals + LEBRON CSV + user-supplied team W/L,https://www.basketball-reference.com/teams/GSW/2026.html
1630543,Isaiah Jackson,Isaiah,Jackson,2026,2025-26,IND,IND/LAC,C,38,638,16.789,16.512,0.003,-0.777,0.779,1.402,Roll + Cut Big,Mobile Big,19,63,0.232,true,2,isaiah jackson,exact_name,Isaiah Jackson,Basketball-Reference 2025-26 regular-season team totals + LEBRON CSV + user-supplied team W/L,https://www.basketball-reference.com/teams/IND/2026.html
1630543,Isaiah Jackson,Isaiah,Jackson,2026,2025-26,LAC,IND/LAC,C,17,270,15.882,16.512,0.003,-0.777,0.779,1.402,Roll + Cut Big,Mobile Big,42,40,0.512,true,2,isaiah jackson,exact_name,Isaiah Jackson,Basketball-Reference 2025-26 regular-season team totals + LEBRON CSV + user-supplied team W/L,https://www.basketball-reference.com/teams/LAC/2026.html
1630544,Tre Mann,Tre,Mann,2026,2025-26,CHO,CHO,PG,53,669,12.623,12.61,-1.69,-0.979,-0.711,0.324,Secondary Ball Handler,Low Activity,44,38,0.537,false,1,tre mann,exact_name,Tre Mann,Basketball-Reference 2025-26 regular-season team totals + LEBRON CSV + user-supplied team W/L,https://www.basketball-reference.com/teams/CHO/2026.html
1630545,Terrence Shannon Jr.,Terrence,Shannon Jr.,2026,2025-26,MIN,MIN,SG,43,538,12.512,12.503,-2.196,-0.586,-1.61,0.092,Shot Creator,Helper,49,33,0.598,false,1,terrence shannon jr,exact_name,Terrence Shannon Jr.,Basketball-Reference 2025-26 regular-season team totals + LEBRON CSV + user-supplied team W/L,https://www.basketball-reference.com/teams/MIN/2026.html
1630549,Day'Ron Sharpe,Day'Ron,Sharpe,2026,2025-26,BRK,BRK,C,62,1160,18.71,18.706,0.489,-0.702,1.191,2.144,Roll + Cut Big,Mobile Big,20,62,0.244,false,1,day ron sharpe,exact_name,Day'Ron Sharpe,Basketball-Reference 2025-26 regular-season team totals + LEBRON CSV + user-supplied team W/L,https://www.basketball-reference.com/teams/BRK/2026.html
1630551,Justin Champagnie,Justin,Champagnie,2026,2025-26,WAS,WAS,SF,69,1377,19.957,19.962,-0.896,0.052,-0.949,1.349,Movement Shooter,Helper,17,65,0.207,false,1,justin champagnie,exact_name,Justin Champagnie,Basketball-Reference 2025-26 regular-season team totals + LEBRON CSV + user-supplied team W/L,https://www.basketball-reference.com/teams/WAS/2026.html
1630552,Jalen Johnson,Jalen,Johnson,2026,2025-26,ATL,ATL,SF,72,2532,35.167,35.159,1.244,1.059,0.185,5.876,Shot Creator,Helper,46,36,0.561,false,1,jalen johnson,exact_name,Jalen Johnson,Basketball-Reference 2025-26 regular-season team totals + LEBRON CSV + user-supplied team W/L,https://www.basketball-reference.com/teams/ATL/2026.html
1630557,Corey Kispert,Corey,Kispert,2026,2025-26,WAS,WAS/ATL,SF,19,370,19.474,18.612,-1.005,0.283,-1.288,0.984,Off Screen Shooter,Helper,17,65,0.207,true,2,corey kispert,exact_name,Corey Kispert,Basketball-Reference 2025-26 regular-season team totals + LEBRON CSV + user-supplied team W/L,https://www.basketball-reference.com/teams/WAS/2026.html
1630557,Corey Kispert,Corey,Kispert,2026,2025-26,ATL,WAS/ATL,SF,39,710,18.205,18.612,-1.005,0.283,-1.288,0.984,Off Screen Shooter,Helper,46,36,0.561,true,2,corey kispert,exact_name,Corey Kispert,Basketball-Reference 2025-26 regular-season team totals + LEBRON CSV + user-supplied team W/L,https://www.basketball-reference.com/teams/ATL/2026.html
1630558,Davion Mitchell,Davion,Mitchell,2026,2025-26,MIA,MIA,PG,70,2000,28.571,28.574,-0.086,-0.451,0.366,2.976,Shot Creator,Point of Attack,43,39,0.524,false,1,davion mitchell,exact_name,Davion Mitchell,Basketball-Reference 2025-26 regular-season team totals + LEBRON CSV + user-supplied team W/L,https://www.basketball-reference.com/teams/MIA/2026.html
1630559,Austin Reaves,Austin,Reaves,2026,2025-26,LAL,LAL,SG,51,1762,34.549,34.54,2.39,2.295,0.095,5.341,Shot Creator,Point of Attack,53,29,0.646,false,1,austin reaves,exact_name,Austin Reaves,Basketball-Reference 2025-26 regular-season team totals + LEBRON CSV + user-supplied team W/L,https://www.basketball-reference.com/teams/LAL/2026.html
1630560,Cam Thomas,Cam,Thomas,2026,2025-26,BRK,BRK/MIL,SG,24,582,24.25,20.962,-1.622,0.882,-2.504,0.464,Shot Creator,Chaser,20,62,0.244,true,2,cam thomas,exact_name,Cam Thomas,Basketball-Reference 2025-26 regular-season team totals + LEBRON CSV + user-supplied team W/L,https://www.basketball-reference.com/teams/BRK/2026.html
1630560,Cam Thomas,Cam,Thomas,2026,2025-26,MIL,BRK/MIL,SG,18,299,16.611,20.962,-1.622,0.882,-2.504,0.464,Shot Creator,Chaser,32,50,0.39,true,2,cam thomas,exact_name,Cam Thomas,Basketball-Reference 2025-26 regular-season team totals + LEBRON CSV + user-supplied team W/L,https://www.basketball-reference.com/teams/MIL/2026.html
1630567,Scottie Barnes,Scottie,Barnes,2026,2025-26,TOR,TOR,PF,80,2681,33.513,33.507,2.995,1.081,1.914,9.119,Shot Creator,Wing Stopper,46,36,0.561,false,1,scottie barnes,exact_name,Scottie Barnes,Basketball-Reference 2025-26 regular-season team totals + LEBRON CSV + user-supplied team W/L,https://www.basketball-reference.com/teams/TOR/2026.html
1630568,Luka Garza,Luka,Garza,2026,2025-26,BOS,BOS,C,69,1118,16.203,16.2,0.646,1.033,-0.388,2.176,Stretch Big,Mobile Big,56,26,0.683,false,1,luka garza,exact_name,Luka Garza,Basketball-Reference 2025-26 regular-season team totals + LEBRON CSV + user-supplied team W/L,https://www.basketball-reference.com/teams/BOS/2026.html
1630570,Trendon Watford,Trendon,Watford,2026,2025-26,PHI,PHI,PF,53,864,16.302,16.296,-2.687,-1.924,-0.763,-0.113,Shot Creator,Helper,45,37,0.549,false,1,trendon watford,exact_name,Trendon Watford,Basketball-Reference 2025-26 regular-season team totals + LEBRON CSV + user-supplied team W/L,https://www.basketball-reference.com/teams/PHI/2026.html
1630572,Sandro Mamukelashvili,Sandro,Mamukelashvili,2026,2025-26,TOR,TOR,C,80,1751,21.887,21.881,1.566,1.156,0.41,4.414,Stationary Shooter,Mobile Big,46,36,0.561,false,1,sandro mamukelashvili,exact_name,Sandro Mamukelashvili,Basketball-Reference 2025-26 regular-season team totals + LEBRON CSV + user-supplied team W/L,https://www.basketball-reference.com/teams/TOR/2026.html
1630573,Sam Hauser,Sam,Hauser,2026,2025-26,BOS,BOS,PF,78,1934,24.795,24.794,0.587,0.442,0.144,3.693,Off Screen Shooter,Helper,56,26,0.683,false,1,sam hauser,exact_name,Sam Hauser,Basketball-Reference 2025-26 regular-season team totals + LEBRON CSV + user-supplied team W/L,https://www.basketball-reference.com/teams/BOS/2026.html
1630577,Julian Champagnie,Julian,Champagnie,2026,2025-26,SAS,SAS,SF,82,2266,27.634,27.631,1.54,0.16,1.38,5.678,Movement Shooter,Helper,62,20,0.756,false,1,julian champagnie,exact_name,Julian Champagnie,Basketball-Reference 2025-26 regular-season team totals + LEBRON CSV + user-supplied team W/L,https://www.basketball-reference.com/teams/SAS/2026.html
1630578,Alperen Sengun,Alperen,Sengun,2026,2025-26,HOU,HOU,C,72,2398,33.306,33.296,1.058,1.055,0.003,5.285,Shot Creator,Mobile Big,52,30,0.634,false,1,alperen sengun,exact_name,Alperen Sengun,Basketball-Reference 2025-26 regular-season team totals + LEBRON CSV + user-supplied team W/L,https://www.basketball-reference.com/teams/HOU/2026.html
1630579,Jericho Sims,Jericho,Sims,2026,2025-26,MIL,MIL,C,67,1318,19.672,19.667,-3.55,-2.796,-0.754,-0.862,Athletic Finisher,Helper,32,50,0.39,false,1,jericho sims,exact_name,Jericho Sims,Basketball-Reference 2025-26 regular-season team totals + LEBRON CSV + user-supplied team W/L,https://www.basketball-reference.com/teams/MIL/2026.html
1630581,Josh Giddey,Josh,Giddey,2026,2025-26,CHI,CHI,PG,54,1731,32.056,32.06,0.513,1.28,-0.768,3.226,Primary Ball Handler,Helper,31,51,0.378,false,1,josh giddey,exact_name,Josh Giddey,Basketball-Reference 2025-26 regular-season team totals + LEBRON CSV + user-supplied team W/L,https://www.basketball-reference.com/teams/CHI/2026.html
1630583,Santi Aldama,Santi,Aldama,2026,2025-26,MEM,MEM,PF,43,1198,27.86,27.859,-0.9,-0.428,-0.472,1.17,Movement Shooter,Helper,25,57,0.305,false,1,santi aldama,exact_name,Santi Aldama,Basketball-Reference 2025-26 regular-season team totals + LEBRON CSV + user-supplied team W/L,https://www.basketball-reference.com/teams/MEM/2026.html
1630590,Scotty Pippen Jr.,Scotty,Pippen Jr.,2026,2025-26,MEM,MEM,PG,10,212,21.2,21.187,-1.068,-0.787,-0.281,0.185,Primary Ball Handler,Point of Attack,25,57,0.305,false,1,scotty pippen jr,exact_name,Scotty Pippen Jr.,Basketball-Reference 2025-26 regular-season team totals + LEBRON CSV + user-supplied team W/L,https://www.basketball-reference.com/teams/MEM/2026.html
1630591,Jalen Suggs,Jalen,Suggs,2026,2025-26,ORL,ORL,PG,57,1574,27.614,27.604,2.175,0.623,1.552,4.562,Primary Ball Handler,Point of Attack,45,37,0.549,false,1,jalen suggs,exact_name,Jalen Suggs,Basketball-Reference 2025-26 regular-season team totals + LEBRON CSV + user-supplied team W/L,https://www.basketball-reference.com/teams/ORL/2026.html
1630592,Jalen Wilson,Jalen,Wilson,2026,2025-26,BRK,BRK,PF,54,859,15.907,15.91,-2.422,-1.669,-0.753,0.027,Movement Shooter,Helper,20,62,0.244,false,1,jalen wilson,exact_name,Jalen Wilson,Basketball-Reference 2025-26 regular-season team totals + LEBRON CSV + user-supplied team W/L,https://www.basketball-reference.com/teams/BRK/2026.html
1630595,Cade Cunningham,Cade,Cunningham,2026,2025-26,DET,DET,PG,64,2172,33.938,33.929,5.383,4.104,1.279,10.44,Shot Creator,Chaser,60,22,0.732,false,1,cade cunningham,exact_name,Cade Cunningham,Basketball-Reference 2025-26 regular-season team totals + LEBRON CSV + user-supplied team W/L,https://www.basketball-reference.com/teams/DET/2026.html
1630596,Evan Mobley,Evan,Mobley,2026,2025-26,CLE,CLE,PF,65,2074,31.908,31.909,3.067,1.721,1.346,7.146,Shot Creator,Mobile Big,52,30,0.634,false,1,evan mobley,exact_name,Evan Mobley,Basketball-Reference 2025-26 regular-season team totals + LEBRON CSV + user-supplied team W/L,https://www.basketball-reference.com/teams/CLE/2026.html
1630598,Aaron Wiggins,Aaron,Wiggins,2026,2025-26,OKC,OKC,SG,65,1414,21.754,21.751,-0.34,-0.754,0.414,1.878,Movement Shooter,Helper,64,18,0.78,false,1,aaron wiggins,exact_name,Aaron Wiggins,Basketball-Reference 2025-26 regular-season team totals + LEBRON CSV + user-supplied team W/L,https://www.basketball-reference.com/teams/OKC/2026.html
1630604,E.J. Liddell,E.J.,Liddell,2026,2025-26,BRK,BRK,PF,26,349,13.423,13.43,-1.411,-1.326,-0.085,0.23,Movement Shooter,Helper,20,62,0.244,false,1,e j liddell,exact_name,E.J. Liddell,Basketball-Reference 2025-26 regular-season team totals + LEBRON CSV + user-supplied team W/L,https://www.basketball-reference.com/teams/BRK/2026.html
1630610,Dejon Jarreau,Dejon,Jarreau,2026,2025-26,MEM,MEM,SG,11,231,21,20.976,-1.964,-1.565,-0.399,0.073,Secondary Ball Handler,Chaser,25,57,0.305,false,1,dejon jarreau,exact_name,Dejon Jarreau,Basketball-Reference 2025-26 regular-season team totals + LEBRON CSV + user-supplied team W/L,https://www.basketball-reference.com/teams/MEM/2026.html
1630611,Gui Santos,Gui,Santos,2026,2025-26,GSW,GSW,PF,68,1395,20.515,20.518,0.102,-0.674,0.776,2.24,Shot Creator,Helper,37,45,0.451,false,1,gui santos,exact_name,Gui Santos,Basketball-Reference 2025-26 regular-season team totals + LEBRON CSV + user-supplied team W/L,https://www.basketball-reference.com/teams/GSW/2026.html
1630619,Moussa Cisse,Moussa,Cisse,2026,2025-26,DAL,DAL,C,38,530,13.947,13.936,0.056,-1.642,1.698,0.835,Roll + Cut Big,Anchor Big,26,56,0.317,false,1,moussa cisse,exact_name,Moussa Cisse,Basketball-Reference 2025-26 regular-season team totals + LEBRON CSV + user-supplied team W/L,https://www.basketball-reference.com/teams/DAL/2026.html
1630623,Tyson Etienne,Tyson,Etienne,2026,2025-26,BRK,BRK,PG,24,380,15.833,15.834,-2.449,-0.705,-1.745,0.006,Movement Shooter,Point of Attack,20,62,0.244,false,1,tyson etienne,exact_name,Tyson Etienne,Basketball-Reference 2025-26 regular-season team totals + LEBRON CSV + user-supplied team W/L,https://www.basketball-reference.com/teams/BRK/2026.html
1630631,Jose Alvarado,Jose,Alvarado,2026,2025-26,NOP,NOP/NYK,PG,41,896,21.854,19.857,-1.452,-0.463,-0.989,0.867,Primary Ball Handler,Chaser,26,56,0.317,true,2,jose alvarado,exact_name,Jose Alvarado,Basketball-Reference 2025-26 regular-season team totals + LEBRON CSV + user-supplied team W/L,https://www.basketball-reference.com/teams/NOP/2026.html
1630631,Jose Alvarado,Jose,Alvarado,2026,2025-26,NYK,NOP/NYK,PG,28,474,16.929,19.857,-1.452,-0.463,-0.989,0.867,Primary Ball Handler,Chaser,53,29,0.646,true,2,jose alvarado,exact_name,Jose Alvarado,Basketball-Reference 2025-26 regular-season team totals + LEBRON CSV + user-supplied team W/L,https://www.basketball-reference.com/teams/NYK/2026.html
1630643,Jay Huff,Jay,Huff,2026,2025-26,IND,IND,C,82,1719,20.963,20.964,-0.393,-0.798,0.405,2.226,Stretch Big,Mobile Big,19,63,0.232,false,1,jay huff,exact_name,Jay Huff,Basketball-Reference 2025-26 regular-season team totals + LEBRON CSV + user-supplied team W/L,https://www.basketball-reference.com/teams/IND/2026.html
1630679,Ethan Thompson,Ethan,Thompson,2026,2025-26,IND,IND,SG,32,653,20.406,20.41,-1.015,-1.02,0.005,0.591,Movement Shooter,Chaser,19,63,0.232,false,1,ethan thompson,exact_name,Ethan Thompson,Basketball-Reference 2025-26 regular-season team totals + LEBRON CSV + user-supplied team W/L,https://www.basketball-reference.com/teams/IND/2026.html
1630692,Jordan Goodwin,Jordan,Goodwin,2026,2025-26,PHO,PHO,PG,70,1572,22.457,22.45,1.917,1.064,0.853,4.306,Movement Shooter,Wing Stopper,45,37,0.549,false,1,jordan goodwin,exact_name,Jordan Goodwin,Basketball-Reference 2025-26 regular-season team totals + LEBRON CSV + user-supplied team W/L,https://www.basketball-reference.com/teams/PHO/2026.html
1630695,Micah Potter,Micah,Potter,2026,2025-26,IND,IND,C,47,908,19.319,19.324,-0.151,-0.197,0.046,1.314,Stretch Big,Mobile Big,19,63,0.232,false,1,micah potter,exact_name,Micah Potter,Basketball-Reference 2025-26 regular-season team totals + LEBRON CSV + user-supplied team W/L,https://www.basketball-reference.com/teams/IND/2026.html
1630696,Dru Smith,Dru,Smith,2026,2025-26,MIA,MIA,SG,70,1141,16.3,16.302,0.483,-0.865,1.348,2.105,Shot Creator,Point of Attack,43,39,0.524,false,1,dru smith,exact_name,Dru Smith,Basketball-Reference 2025-26 regular-season team totals + LEBRON CSV + user-supplied team W/L,https://www.basketball-reference.com/teams/MIA/2026.html
1630700,Dyson Daniels,Dyson,Daniels,2026,2025-26,ATL,ATL,SG,76,2520,33.158,33.149,2.287,0.38,1.907,7.478,Primary Ball Handler,Point of Attack,46,36,0.561,false,1,dyson daniels,exact_name,Dyson Daniels,Basketball-Reference 2025-26 regular-season team totals + LEBRON CSV + user-supplied team W/L,https://www.basketball-reference.com/teams/ATL/2026.html
1630702,Jaden Hardy,Jaden,Hardy,2026,2025-26,DAL,DAL/WAS,SG,34,428,12.588,15.754,-2.372,-0.192,-2.181,0.056,Shot Creator,Low Activity,26,56,0.317,true,2,jaden hardy,exact_name,Jaden Hardy,Basketball-Reference 2025-26 regular-season team totals + LEBRON CSV + user-supplied team W/L,https://www.basketball-reference.com/teams/DAL/2026.html
1630702,Jaden Hardy,Jaden,Hardy,2026,2025-26,WAS,DAL/WAS,SG,23,470,20.435,15.754,-2.372,-0.192,-2.181,0.056,Shot Creator,Low Activity,17,65,0.207,true,2,jaden hardy,exact_name,Jaden Hardy,Basketball-Reference 2025-26 regular-season team totals + LEBRON CSV + user-supplied team W/L,https://www.basketball-reference.com/teams/WAS/2026.html
1630703,Scoot Henderson,Scoot,Henderson,2026,2025-26,POR,POR,PG,30,748,24.933,24.927,-0.971,-0.198,-0.773,0.698,Shot Creator,Point of Attack,42,40,0.512,false,1,scoot henderson,exact_name,Scoot Henderson,Basketball-Reference 2025-26 regular-season team totals + LEBRON CSV + user-supplied team W/L,https://www.basketball-reference.com/teams/POR/2026.html
1630811,Keaton Wallace,Keaton,Wallace,2026,2025-26,ATL,ATL,PG,53,536,10.113,10.111,-1.246,-1.103,-0.143,0.408,Secondary Ball Handler,Point of Attack,46,36,0.561,false,1,keaton wallace,exact_name,Keaton Wallace,Basketball-Reference 2025-26 regular-season team totals + LEBRON CSV + user-supplied team W/L,https://www.basketball-reference.com/teams/ATL/2026.html
1631093,Jaden Ivey,Jaden,Ivey,2026,2025-26,DET,DET/CHI,SG,33,555,16.818,18.113,-1.508,-0.829,-0.679,0.4,Movement Shooter,Point of Attack,60,22,0.732,true,2,jaden ivey,exact_name,Jaden Ivey,Basketball-Reference 2025-26 regular-season team totals + LEBRON CSV + user-supplied team W/L,https://www.basketball-reference.com/teams/DET/2026.html
1631093,Jaden Ivey,Jaden,Ivey,2026,2025-26,CHI,DET/CHI,SG,4,115,28.75,18.113,-1.508,-0.829,-0.679,0.4,Movement Shooter,Point of Attack,31,51,0.378,true,2,jaden ivey,exact_name,Jaden Ivey,Basketball-Reference 2025-26 regular-season team totals + LEBRON CSV + user-supplied team W/L,https://www.basketball-reference.com/teams/CHI/2026.html
1631094,Paolo Banchero,Paolo,Banchero,2026,2025-26,ORL,ORL,PF,72,2502,34.75,34.744,0.875,0.98,-0.105,5.229,Shot Creator,Wing Stopper,45,37,0.549,false,1,paolo banchero,exact_name,Paolo Banchero,Basketball-Reference 2025-26 regular-season team totals + LEBRON CSV + user-supplied team W/L,https://www.basketball-reference.com/teams/ORL/2026.html
1631095,Jabari Smith Jr.,Jabari,Smith Jr.,2026,2025-26,HOU,HOU,PF,77,2705,35.13,35.131,0.822,0.041,0.781,5.565,Movement Shooter,Helper,52,30,0.634,false,1,jabari smith jr,exact_name,Jabari Smith Jr.,Basketball-Reference 2025-26 regular-season team totals + LEBRON CSV + user-supplied team W/L,https://www.basketball-reference.com/teams/HOU/2026.html
1631096,Chet Holmgren,Chet,Holmgren,2026,2025-26,OKC,OKC,PF,69,1997,28.942,28.944,5.103,1.638,3.465,9.283,Shot Creator,Mobile Big,64,18,0.78,false,1,chet holmgren,exact_name,Chet Holmgren,Basketball-Reference 2025-26 regular-season team totals + LEBRON CSV + user-supplied team W/L,https://www.basketball-reference.com/teams/OKC/2026.html
1631097,Bennedict Mathurin,Bennedict,Mathurin,2026,2025-26,IND,IND/LAC,SF,28,891,31.821,30,-0.031,0.227,-0.259,2.466,Shot Creator,Chaser,19,63,0.232,true,2,bennedict mathurin,exact_name,Bennedict Mathurin,Basketball-Reference 2025-26 regular-season team totals + LEBRON CSV + user-supplied team W/L,https://www.basketball-reference.com/teams/IND/2026.html
1631097,Bennedict Mathurin,Bennedict,Mathurin,2026,2025-26,LAC,IND/LAC,SF,26,729,28.038,30,-0.031,0.227,-0.259,2.466,Shot Creator,Chaser,42,40,0.512,true,2,bennedict mathurin,exact_name,Bennedict Mathurin,Basketball-Reference 2025-26 regular-season team totals + LEBRON CSV + user-supplied team W/L,https://www.basketball-reference.com/teams/LAC/2026.html
1631099,Keegan Murray,Keegan,Murray,2026,2025-26,SAC,SAC,PF,23,793,34.478,34.48,-0.378,-1.1,0.722,1.034,Movement Shooter,Wing Stopper,22,60,0.268,false,1,keegan murray,exact_name,Keegan Murray,Basketball-Reference 2025-26 regular-season team totals + LEBRON CSV + user-supplied team W/L,https://www.basketball-reference.com/teams/SAC/2026.html
1631101,Shaedon Sharpe,Shaedon,Sharpe,2026,2025-26,POR,POR,SG,50,1471,29.42,29.423,-1.205,0.264,-1.469,1.157,Shot Creator,Chaser,42,40,0.512,false,1,shaedon sharpe,exact_name,Shaedon Sharpe,Basketball-Reference 2025-26 regular-season team totals + LEBRON CSV + user-supplied team W/L,https://www.basketball-reference.com/teams/POR/2026.html
1631104,Blake Wesley,Blake,Wesley,2026,2025-26,POR,POR,SG,31,361,11.645,11.637,-1.462,-0.835,-0.627,0.226,Shot Creator,Chaser,42,40,0.512,false,1,blake wesley,exact_name,Blake Wesley,Basketball-Reference 2025-26 regular-season team totals + LEBRON CSV + user-supplied team W/L,https://www.basketball-reference.com/teams/POR/2026.html
1631105,Jalen Duren,Jalen,Duren,2026,2025-26,DET,DET,C,70,1976,28.229,28.225,3.992,2.617,1.375,7.905,Shot Creator,Mobile Big,60,22,0.732,false,1,jalen duren,exact_name,Jalen Duren,Basketball-Reference 2025-26 regular-season team totals + LEBRON CSV + user-supplied team W/L,https://www.basketball-reference.com/teams/DET/2026.html
1631106,Tari Eason,Tari,Eason,2026,2025-26,HOU,HOU,PF,60,1549,25.817,25.814,0.136,-0.358,0.494,2.52,Stationary Shooter,Wing Stopper,52,30,0.634,false,1,tari eason,exact_name,Tari Eason,Basketball-Reference 2025-26 regular-season team totals + LEBRON CSV + user-supplied team W/L,https://www.basketball-reference.com/teams/HOU/2026.html
1631107,Nikola Jovic,Nikola,Jovic,2026,2025-26,MIA,MIA,PF,47,808,17.191,17.191,-1.459,-1.22,-0.239,0.507,Shot Creator,Helper,43,39,0.524,false,1,nikola jovic,exact_name,Nikola Jovic,Basketball-Reference 2025-26 regular-season team totals + LEBRON CSV + user-supplied team W/L,https://www.basketball-reference.com/teams/MIA/2026.html
1631108,Max Christie,Max,Christie,2026,2025-26,DAL,DAL,SG,77,2244,29.143,29.146,-2.115,-1.518,-0.597,0.496,Movement Shooter,Point of Attack,26,56,0.317,false,1,max christie,exact_name,Max Christie,Basketball-Reference 2025-26 regular-season team totals + LEBRON CSV + user-supplied team W/L,https://www.basketball-reference.com/teams/DAL/2026.html
1631109,Mark Williams,Mark,Williams,2026,2025-26,PHO,PHO,C,60,1416,23.6,23.598,0.765,-0.529,1.294,2.862,Roll + Cut Big,Mobile Big,45,37,0.549,false,1,mark williams,exact_name,Mark Williams,Basketball-Reference 2025-26 regular-season team totals + LEBRON CSV + user-supplied team W/L,https://www.basketball-reference.com/teams/PHO/2026.html
1631110,Jeremy Sochan,Jeremy,Sochan,2026,2025-26,SAS,SAS/NYK,PF,28,358,12.786,10.646,-2.423,-1.96,-0.463,0.015,Stretch Big,Wing Stopper,62,20,0.756,true,2,jeremy sochan,exact_name,Jeremy Sochan,Basketball-Reference 2025-26 regular-season team totals + LEBRON CSV + user-supplied team W/L,https://www.basketball-reference.com/teams/SAS/2026.html
1631110,Jeremy Sochan,Jeremy,Sochan,2026,2025-26,NYK,SAS/NYK,PF,16,111,6.938,10.646,-2.423,-1.96,-0.463,0.015,Stretch Big,Wing Stopper,53,29,0.646,true,2,jeremy sochan,exact_name,Jeremy Sochan,Basketball-Reference 2025-26 regular-season team totals + LEBRON CSV + user-supplied team W/L,https://www.basketball-reference.com/teams/NYK/2026.html
1631113,Kennedy Chandler,Kennedy,Chandler,2026,2025-26,UTA,UTA,PG,11,355,32.273,32.292,-1.274,-0.222,-1.052,0.264,Primary Ball Handler,Chaser,22,60,0.268,false,1,kennedy chandler,exact_name,Kennedy Chandler,Basketball-Reference 2025-26 regular-season team totals + LEBRON CSV + user-supplied team W/L,https://www.basketball-reference.com/teams/UTA/2026.html
1631114,Jalen Williams,Jalen,Williams,2026,2025-26,OKC,OKC,SG,33,936,28.364,28.36,1.597,1.441,0.156,2.378,Shot Creator,Wing Stopper,64,18,0.78,false,1,jalen williams,exact_name,Jalen Williams,Basketball-Reference 2025-26 regular-season team totals + LEBRON CSV + user-supplied team W/L,https://www.basketball-reference.com/teams/OKC/2026.html
1631119,Jaylin Williams,Jaylin,Williams,2026,2025-26,OKC,OKC,PF,65,1277,19.646,19.649,0.998,-1.117,2.115,2.768,Stationary Shooter,Anchor Big,64,18,0.78,false,1,jaylin williams,exact_name,Jaylin Williams,Basketball-Reference 2025-26 regular-season team totals + LEBRON CSV + user-supplied team W/L,https://www.basketball-reference.com/teams/OKC/2026.html
1631121,Bryce Mcgowens,Bryce,Mcgowens,2026,2025-26,NOP,NOP,SG,42,880,20.952,20.949,-1.288,-0.348,-0.94,0.646,Stationary Shooter,Wing Stopper,26,56,0.317,false,1,bryce mcgowens,exact_name,Bryce Mcgowens,Basketball-Reference 2025-26 regular-season team totals + LEBRON CSV + user-supplied team W/L,https://www.basketball-reference.com/teams/NOP/2026.html
1631123,Jamaree Bouyea,Jamaree,Bouyea,2026,2025-26,PHO,PHO,PG,46,644,14,13.998,-0.269,-0.51,0.24,0.884,Slasher,Point of Attack,45,37,0.549,false,1,jamaree bouyea,exact_name,Jamaree Bouyea,Basketball-Reference 2025-26 regular-season team totals + LEBRON CSV + user-supplied team W/L,https://www.basketball-reference.com/teams/PHO/2026.html
1631124,Julian Strawther,Julian,Strawther,2026,2025-26,DEN,DEN,SG,57,861,15.105,15.099,-2.076,-1.232,-0.844,0.211,Movement Shooter,Low Activity,54,28,0.659,false,1,julian strawther,exact_name,Julian Strawther,Basketball-Reference 2025-26 regular-season team totals + LEBRON CSV + user-supplied team W/L,https://www.basketball-reference.com/teams/DEN/2026.html
1631126,Caleb Love,Caleb,Love,2026,2025-26,POR,POR,SG,49,1013,20.673,20.663,-2.419,-0.441,-1.979,0.034,Secondary Ball Handler,Chaser,42,40,0.512,false,1,caleb love,exact_name,Caleb Love,Basketball-Reference 2025-26 regular-season team totals + LEBRON CSV + user-supplied team W/L,https://www.basketball-reference.com/teams/POR/2026.html
1631128,Christian Braun,Christian,Braun,2026,2025-26,DEN,DEN,SG,44,1399,31.795,31.795,-0.326,-0.361,0.035,1.87,Stationary Shooter,Point of Attack,54,28,0.659,false,1,christian braun,exact_name,Christian Braun,Basketball-Reference 2025-26 regular-season team totals + LEBRON CSV + user-supplied team W/L,https://www.basketball-reference.com/teams/DEN/2026.html
1631131,Oscar Tshiebwe,Oscar,Tshiebwe,2026,2025-26,UTA,UTA,C,27,448,16.593,16.608,-0.345,0.121,-0.466,0.594,Roll + Cut Big,Mobile Big,22,60,0.268,false,1,oscar tshiebwe,exact_name,Oscar Tshiebwe,Basketball-Reference 2025-26 regular-season team totals + LEBRON CSV + user-supplied team W/L,https://www.basketball-reference.com/teams/UTA/2026.html
1631132,Christian Koloko,Christian,Koloko,2026,2025-26,LAL,LAL/MEM/ATL,C,2,6,3,13.208,-1.424,-1.941,0.517,0.232,Athletic Finisher,Mobile Big,53,29,0.646,true,3,christian koloko,exact_name,Christian Koloko,Basketball-Reference 2025-26 regular-season team totals + LEBRON CSV + user-supplied team W/L,https://www.basketball-reference.com/teams/LAL/2026.html
1631132,Christian Koloko,Christian,Koloko,2026,2025-26,MEM,LAL/MEM/ATL,C,11,195,17.727,13.208,-1.424,-1.941,0.517,0.232,Athletic Finisher,Mobile Big,25,57,0.305,true,3,christian koloko,exact_name,Christian Koloko,Basketball-Reference 2025-26 regular-season team totals + LEBRON CSV + user-supplied team W/L,https://www.basketball-reference.com/teams/MEM/2026.html
1631132,Christian Koloko,Christian,Koloko,2026,2025-26,ATL,LAL/MEM/ATL,C,14,156,11.143,13.208,-1.424,-1.941,0.517,0.232,Athletic Finisher,Mobile Big,46,36,0.561,true,3,christian koloko,exact_name,Christian Koloko,Basketball-Reference 2025-26 regular-season team totals + LEBRON CSV + user-supplied team W/L,https://www.basketball-reference.com/teams/ATL/2026.html
1631133,Jabari Walker,Jabari,Walker,2026,2025-26,PHI,PHI,PF,64,762,11.906,11.9,-1.404,-1.391,-0.013,0.505,Stretch Big,Helper,45,37,0.549,false,1,jabari walker,exact_name,Jabari Walker,Basketball-Reference 2025-26 regular-season team totals + LEBRON CSV + user-supplied team W/L,https://www.basketball-reference.com/teams/PHI/2026.html
1631157,Ryan Rollins,Ryan,Rollins,2026,2025-26,MIL,MIL,PG,74,2376,32.108,32.1,-0.668,-0.299,-0.368,2.667,Primary Ball Handler,Point of Attack,32,50,0.39,false,1,ryan rollins,exact_name,Ryan Rollins,Basketball-Reference 2025-26 regular-season team totals + LEBRON CSV + user-supplied team W/L,https://www.basketball-reference.com/teams/MIL/2026.html
1631159,Leonard Miller,Leonard,Miller,2026,2025-26,MIN,MIN/CHI,SF,19,95,5,15.621,-0.993,0.159,-1.152,0.66,Stationary Shooter,Helper,49,33,0.598,true,2,leonard miller,exact_name,Leonard Miller,Basketball-Reference 2025-26 regular-season team totals + LEBRON CSV + user-supplied team W/L,https://www.basketball-reference.com/teams/MIN/2026.html
1631159,Leonard Miller,Leonard,Miller,2026,2025-26,CHI,MIN/CHI,SF,27,624,23.111,15.621,-0.993,0.159,-1.152,0.66,Stationary Shooter,Helper,31,51,0.378,true,2,leonard miller,exact_name,Leonard Miller,Basketball-Reference 2025-26 regular-season team totals + LEBRON CSV + user-supplied team W/L,https://www.basketball-reference.com/teams/CHI/2026.html
1631165,Keon Ellis,Keon,Ellis,2026,2025-26,SAC,SAC/CLE,SG,43,758,17.628,20.536,-0.177,-1.244,1.067,2.115,Movement Shooter,Point of Attack,22,60,0.268,true,2,keon ellis,exact_name,Keon Ellis,Basketball-Reference 2025-26 regular-season team totals + LEBRON CSV + user-supplied team W/L,https://www.basketball-reference.com/teams/SAC/2026.html
1631165,Keon Ellis,Keon,Ellis,2026,2025-26,CLE,SAC/CLE,SG,29,720,24.828,20.536,-0.177,-1.244,1.067,2.115,Movement Shooter,Point of Attack,52,30,0.634,true,2,keon ellis,exact_name,Keon Ellis,Basketball-Reference 2025-26 regular-season team totals + LEBRON CSV + user-supplied team W/L,https://www.basketball-reference.com/teams/CLE/2026.html
1631169,Josh Minott,Josh,Minott,2026,2025-26,BOS,BOS/BRK,PF,33,526,15.939,17.012,-0.349,-1.001,0.653,1.103,Movement Shooter,Wing Stopper,56,26,0.683,true,2,josh minott,exact_name,Josh Minott,Basketball-Reference 2025-26 regular-season team totals + LEBRON CSV + user-supplied team W/L,https://www.basketball-reference.com/teams/BOS/2026.html
1631169,Josh Minott,Josh,Minott,2026,2025-26,BRK,BOS/BRK,PF,16,308,19.25,17.012,-0.349,-1.001,0.653,1.103,Movement Shooter,Wing Stopper,20,62,0.244,true,2,josh minott,exact_name,Josh Minott,Basketball-Reference 2025-26 regular-season team totals + LEBRON CSV + user-supplied team W/L,https://www.basketball-reference.com/teams/BRK/2026.html
1631170,Jaime Jaquez Jr.,Jaime,Jaquez Jr.,2026,2025-26,MIA,MIA,SF,75,2121,28.28,28.281,-1.522,-0.649,-0.873,1.249,Shot Creator,Helper,43,39,0.524,false,1,jaime jaquez jr,exact_name,Jaime Jaquez Jr.,Basketball-Reference 2025-26 regular-season team totals + LEBRON CSV + user-supplied team W/L,https://www.basketball-reference.com/teams/MIA/2026.html
1631172,Ousmane Dieng,Ousmane,Dieng,2026,2025-26,OKC,OKC/MIL,C,27,295,10.926,19.287,-1.62,-1.16,-0.46,0.58,Secondary Ball Handler,Helper,64,18,0.78,true,2,ousmane dieng,exact_name,Ousmane Dieng,Basketball-Reference 2025-26 regular-season team totals + LEBRON CSV + user-supplied team W/L,https://www.basketball-reference.com/teams/OKC/2026.html
1631172,Ousmane Dieng,Ousmane,Dieng,2026,2025-26,MIL,OKC/MIL,C,30,804,26.8,19.287,-1.62,-1.16,-0.46,0.58,Secondary Ball Handler,Helper,32,50,0.39,true,2,ousmane dieng,exact_name,Ousmane Dieng,Basketball-Reference 2025-26 regular-season team totals + LEBRON CSV + user-supplied team W/L,https://www.basketball-reference.com/teams/MIL/2026.html
1631174,Tyler Burton,Tyler,Burton,2026,2025-26,MEM,MEM,SF,12,307,25.583,25.561,-2.616,-1.387,-1.229,-0.027,Movement Shooter,Helper,25,57,0.305,false,1,tyler burton,exact_name,Tyler Burton,Basketball-Reference 2025-26 regular-season team totals + LEBRON CSV + user-supplied team W/L,https://www.basketball-reference.com/teams/MEM/2026.html
1631199,Ron Harper Jr.,Ron,Harper Jr.,2026,2025-26,BOS,BOS,SF,29,318,10.966,10.948,-0.434,-0.283,-0.151,0.403,Movement Shooter,Chaser,56,26,0.683,false,1,ron harper jr,exact_name,Ron Harper Jr.,Basketball-Reference 2025-26 regular-season team totals + LEBRON CSV + user-supplied team W/L,https://www.basketball-reference.com/teams/BOS/2026.html
1631200,Kris Murray,Kris,Murray,2026,2025-26,POR,POR,SF,57,1333,23.386,23.386,-1.745,-1.73,-0.014,0.6,Stationary Shooter,Helper,42,40,0.512,false,1,kris murray,exact_name,Kris Murray,Basketball-Reference 2025-26 regular-season team totals + LEBRON CSV + user-supplied team W/L,https://www.basketball-reference.com/teams/POR/2026.html
1631204,Marcus Sasser,Marcus,Sasser,2026,2025-26,DET,DET,PG,38,457,12.026,12.012,-2.122,-1.168,-0.953,0.099,Secondary Ball Handler,Point of Attack,60,22,0.732,false,1,marcus sasser,exact_name,Marcus Sasser,Basketball-Reference 2025-26 regular-season team totals + LEBRON CSV + user-supplied team W/L,https://www.basketball-reference.com/teams/DET/2026.html
1631207,Dalen Terry,Dalen,Terry,2026,2025-26,CHI,CHI/PHI,SG,34,377,11.088,11.479,-0.726,-1.187,0.46,0.598,Stationary Shooter,Point of Attack,31,51,0.378,true,2,dalen terry,exact_name,Dalen Terry,Basketball-Reference 2025-26 regular-season team totals + LEBRON CSV + user-supplied team W/L,https://www.basketball-reference.com/teams/CHI/2026.html
1631207,Dalen Terry,Dalen,Terry,2026,2025-26,PHI,CHI/PHI,SG,14,174,12.429,11.479,-0.726,-1.187,0.46,0.598,Stationary Shooter,Point of Attack,45,37,0.549,true,2,dalen terry,exact_name,Dalen Terry,Basketball-Reference 2025-26 regular-season team totals + LEBRON CSV + user-supplied team W/L,https://www.basketball-reference.com/teams/PHI/2026.html
1631212,Peyton Watson,Peyton,Watson,2026,2025-26,DEN,DEN,SF,54,1598,29.593,29.586,-1.281,-1.022,-0.258,1.181,Movement Shooter,Point of Attack,54,28,0.659,false,1,peyton watson,exact_name,Peyton Watson,Basketball-Reference 2025-26 regular-season team totals + LEBRON CSV + user-supplied team W/L,https://www.basketball-reference.com/teams/DEN/2026.html
1631213,Tyrese Martin,Tyrese,Martin,2026,2025-26,BRK,BRK/PHI,SG,37,696,18.811,16.882,-1.045,-0.644,-0.401,0.688,Secondary Ball Handler,Chaser,20,62,0.244,true,2,tyrese martin,exact_name,Tyrese Martin,Basketball-Reference 2025-26 regular-season team totals + LEBRON CSV + user-supplied team W/L,https://www.basketball-reference.com/teams/BRK/2026.html
1631213,Tyrese Martin,Tyrese,Martin,2026,2025-26,PHI,BRK/PHI,SG,9,81,9,16.882,-1.045,-0.644,-0.401,0.688,Secondary Ball Handler,Chaser,45,37,0.549,true,2,tyrese martin,exact_name,Tyrese Martin,Basketball-Reference 2025-26 regular-season team totals + LEBRON CSV + user-supplied team W/L,https://www.basketball-reference.com/teams/PHI/2026.html
1631217,Moussa Diabate,Moussa,Diabate,2026,2025-26,CHO,CHO,C,73,1899,26.014,26.008,1.816,0.229,1.587,5.083,Roll + Cut Big,Mobile Big,44,38,0.537,false,1,moussa diabate,exact_name,Moussa Diabate,Basketball-Reference 2025-26 regular-season team totals + LEBRON CSV + user-supplied team W/L,https://www.basketball-reference.com/teams/CHO/2026.html
1631221,Collin Gillespie,Collin,Gillespie,2026,2025-26,PHO,PHO,PG,80,2282,28.525,28.52,1.913,0.678,1.235,6.245,Primary Ball Handler,Point of Attack,45,37,0.549,false,1,collin gillespie,exact_name,Collin Gillespie,Basketball-Reference 2025-26 regular-season team totals + LEBRON CSV + user-supplied team W/L,https://www.basketball-reference.com/teams/PHO/2026.html
1631222,Jake Laravia,Jake,Laravia,2026,2025-26,LAL,LAL,PF,82,2061,25.134,25.138,-1.177,-0.61,-0.566,1.658,Stationary Shooter,Point of Attack,53,29,0.646,false,1,jake laravia,exact_name,Jake Laravia,Basketball-Reference 2025-26 regular-season team totals + LEBRON CSV + user-supplied team W/L,https://www.basketball-reference.com/teams/LAL/2026.html
1631230,Dominick Barlow,Dominick,Barlow,2026,2025-26,PHI,PHI,PF,71,1689,23.789,23.78,-0.903,-1.404,0.502,1.647,Athletic Finisher,Wing Stopper,45,37,0.549,false,1,dominick barlow,exact_name,Dominick Barlow,Basketball-Reference 2025-26 regular-season team totals + LEBRON CSV + user-supplied team W/L,https://www.basketball-reference.com/teams/PHI/2026.html
1631243,Mouhamed Gueye,Mouhamed,Gueye,2026,2025-26,ATL,ATL,PF,77,1179,15.312,15.306,0.353,-1.508,1.862,2.078,Stationary Shooter,Helper,46,36,0.561,false,1,mouhamed gueye,exact_name,Mouhamed Gueye,Basketball-Reference 2025-26 regular-season team totals + LEBRON CSV + user-supplied team W/L,https://www.basketball-reference.com/teams/ATL/2026.html
1631245,Quenton Jackson,Quenton,Jackson,2026,2025-26,IND,IND,PG,49,897,18.306,18.313,-1.161,-0.376,-0.785,0.73,Primary Ball Handler,Point of Attack,19,63,0.232,false,1,quenton jackson,exact_name,Quenton Jackson,Basketball-Reference 2025-26 regular-season team totals + LEBRON CSV + user-supplied team W/L,https://www.basketball-reference.com/teams/IND/2026.html
1631246,Vince Williams Jr.,Vince,Williams Jr.,2026,2025-26,MEM,MEM/UTA,SG,34,736,21.647,20.482,-1.32,-0.716,-0.605,0.585,Primary Ball Handler,Wing Stopper,25,57,0.305,true,2,vince williams jr,exact_name,Vince Williams Jr.,Basketball-Reference 2025-26 regular-season team totals + LEBRON CSV + user-supplied team W/L,https://www.basketball-reference.com/teams/MEM/2026.html
1631246,Vince Williams Jr.,Vince,Williams Jr.,2026,2025-26,UTA,MEM/UTA,SG,6,84,14,20.482,-1.32,-0.716,-0.605,0.585,Primary Ball Handler,Wing Stopper,22,60,0.268,true,2,vince williams jr,exact_name,Vince Williams Jr.,Basketball-Reference 2025-26 regular-season team totals + LEBRON CSV + user-supplied team W/L,https://www.basketball-reference.com/teams/UTA/2026.html
1631248,Baylor Scheierman,Baylor,Scheierman,2026,2025-26,BOS,BOS,SG,77,1429,18.558,18.558,-0.292,-0.495,0.202,1.941,Movement Shooter,Wing Stopper,56,26,0.683,false,1,baylor scheierman,exact_name,Baylor Scheierman,Basketball-Reference 2025-26 regular-season team totals + LEBRON CSV + user-supplied team W/L,https://www.basketball-reference.com/teams/BOS/2026.html
1631250,Pete Nance,Pete,Nance,2026,2025-26,MIL,MIL,PF,47,737,15.681,15.681,-1.675,-1.47,-0.206,0.364,Movement Shooter,Helper,32,50,0.39,false,1,pete nance,exact_name,Pete Nance,Basketball-Reference 2025-26 regular-season team totals + LEBRON CSV + user-supplied team W/L,https://www.basketball-reference.com/teams/MIL/2026.html
1631255,Karlo Matkovic,Karlo,Matkovic,2026,2025-26,NOP,NOP,PF,62,912,14.71,14.705,-0.661,-1.094,0.433,1.027,Stretch Big,Helper,26,56,0.317,false,1,karlo matkovic,exact_name,Karlo Matkovic,Basketball-Reference 2025-26 regular-season team totals + LEBRON CSV + user-supplied team W/L,https://www.basketball-reference.com/teams/NOP/2026.html
1631260,Aj Green,Aj,Green,2026,2025-26,MIL,MIL,SG,78,2270,29.103,29.1,-1.072,-0.412,-0.66,1.973,Movement Shooter,Chaser,32,50,0.39,false,1,aj green,exact_name,Aj Green,Basketball-Reference 2025-26 regular-season team totals + LEBRON CSV + user-supplied team W/L,https://www.basketball-reference.com/teams/MIL/2026.html
1631288,Jamal Cain,Jamal,Cain,2026,2025-26,ORL,ORL,SF,40,486,12.15,12.147,-0.72,-0.502,-0.218,0.529,Movement Shooter,Point of Attack,45,37,0.549,false,1,jamal cain,exact_name,Jamal Cain,Basketball-Reference 2025-26 regular-season team totals + LEBRON CSV + user-supplied team W/L,https://www.basketball-reference.com/teams/ORL/2026.html
1631321,Sidy Cissoko,Sidy,Cissoko,2026,2025-26,POR,POR,SF,75,1435,19.133,19.131,-1.68,-2.342,0.663,0.704,Stationary Shooter,Helper,42,40,0.512,false,1,sidy cissoko,exact_name,Sidy Cissoko,Basketball-Reference 2025-26 regular-season team totals + LEBRON CSV + user-supplied team W/L,https://www.basketball-reference.com/teams/POR/2026.html
1631323,Simone Fontecchio,Simone,Fontecchio,2026,2025-26,MIA,MIA,SF,70,1173,16.757,16.747,-0.386,0.56,-0.946,1.523,Off Screen Shooter,Helper,43,39,0.524,false,1,simone fontecchio,exact_name,Simone Fontecchio,Basketball-Reference 2025-26 regular-season team totals + LEBRON CSV + user-supplied team W/L,https://www.basketball-reference.com/teams/MIA/2026.html
1631342,Daeqwon Plowden,Daeqwon,Plowden,2026,2025-26,SAC,SAC,SG,32,844,26.375,26.385,-1.724,-0.904,-0.82,0.391,Movement Shooter,Point of Attack,22,60,0.268,false,1,daeqwon plowden,exact_name,Daeqwon Plowden,Basketball-Reference 2025-26 regular-season team totals + LEBRON CSV + user-supplied team W/L,https://www.basketball-reference.com/teams/SAC/2026.html
1631351,Lucas Williamson,Lucas,Williamson,2026,2025-26,MEM,MEM,SG,7,224,32,31.962,-2.245,-1.171,-1.073,0.032,Movement Shooter,Chaser,25,57,0.305,false,1,lucas williamson,exact_name,Lucas Williamson,Basketball-Reference 2025-26 regular-season team totals + LEBRON CSV + user-supplied team W/L,https://www.basketball-reference.com/teams/MEM/2026.html
1631466,Nate Williams,Nate,Williams,2026,2025-26,GSW,GSW,SG,14,239,17.071,17.082,-2.478,-1.112,-1.366,-0.001,Stationary Shooter,Wing Stopper,37,45,0.451,false,1,nate williams,exact_name,Nate Williams,Basketball-Reference 2025-26 regular-season team totals + LEBRON CSV + user-supplied team W/L,https://www.basketball-reference.com/teams/GSW/2026.html
1641705,Victor Wembanyama,Victor,Wembanyama,2026,2025-26,SAS,SAS,C,64,1866,29.156,29.148,7.647,3.655,3.992,11.25,Shot Creator,Anchor Big,62,20,0.756,false,1,victor wembanyama,exact_name,Victor Wembanyama,Basketball-Reference 2025-26 regular-season team totals + LEBRON CSV + user-supplied team W/L,https://www.basketball-reference.com/teams/SAS/2026.html
1641706,Brandon Miller,Brandon,Miller,2026,2025-26,CHO,CHO,SF,65,1968,30.277,30.279,1.325,1.195,0.13,4.668,Shot Creator,Chaser,44,38,0.537,false,1,brandon miller,exact_name,Brandon Miller,Basketball-Reference 2025-26 regular-season team totals + LEBRON CSV + user-supplied team W/L,https://www.basketball-reference.com/teams/CHO/2026.html
1641707,Taylor Hendricks,Taylor,Hendricks,2026,2025-26,UTA,UTA/MEM,PF,33,492,14.909,18.956,-2,-1.634,-0.366,0.327,Stationary Shooter,Helper,22,60,0.268,true,2,taylor hendricks,exact_name,Taylor Hendricks,Basketball-Reference 2025-26 regular-season team totals + LEBRON CSV + user-supplied team W/L,https://www.basketball-reference.com/teams/UTA/2026.html
1641707,Taylor Hendricks,Taylor,Hendricks,2026,2025-26,MEM,UTA/MEM,PF,26,626,24.077,18.956,-2,-1.634,-0.366,0.327,Stationary Shooter,Helper,25,57,0.305,true,2,taylor hendricks,exact_name,Taylor Hendricks,Basketball-Reference 2025-26 regular-season team totals + LEBRON CSV + user-supplied team W/L,https://www.basketball-reference.com/teams/MEM/2026.html
1641708,Amen Thompson,Amen,Thompson,2026,2025-26,HOU,HOU,PG,79,2953,37.38,37.378,2.036,1.077,0.959,8.308,Shot Creator,Point of Attack,52,30,0.634,false,1,amen thompson,exact_name,Amen Thompson,Basketball-Reference 2025-26 regular-season team totals + LEBRON CSV + user-supplied team W/L,https://www.basketball-reference.com/teams/HOU/2026.html
1641709,Ausar Thompson,Ausar,Thompson,2026,2025-26,DET,DET,SF,73,1896,25.973,25.963,2.821,-0.109,2.93,6.247,Roll + Cut Big,Point of Attack,60,22,0.732,false,1,ausar thompson,exact_name,Ausar Thompson,Basketball-Reference 2025-26 regular-season team totals + LEBRON CSV + user-supplied team W/L,https://www.basketball-reference.com/teams/DET/2026.html
1641710,Anthony Black,Anthony,Black,2026,2025-26,ORL,ORL,PG,64,1910,29.844,29.841,0.459,0.202,0.257,3.495,Primary Ball Handler,Point of Attack,45,37,0.549,false,1,anthony black,exact_name,Anthony Black,Basketball-Reference 2025-26 regular-season team totals + LEBRON CSV + user-supplied team W/L,https://www.basketball-reference.com/teams/ORL/2026.html
1641711,Gradey Dick,Gradey,Dick,2026,2025-26,TOR,TOR,SG,76,1067,14.039,14.033,-2.484,-1.8,-0.684,-0.007,Movement Shooter,Low Activity,46,36,0.561,false,1,gradey dick,exact_name,Gradey Dick,Basketball-Reference 2025-26 regular-season team totals + LEBRON CSV + user-supplied team W/L,https://www.basketball-reference.com/teams/TOR/2026.html
1641712,Rayan Rupert,Rayan,Rupert,2026,2025-26,POR,POR/MEM,SG,48,577,12.021,16.755,-3.363,-2.864,-0.498,-0.58,Stationary Shooter,Chaser,42,40,0.512,true,2,rayan rupert,exact_name,Rayan Rupert,Basketball-Reference 2025-26 regular-season team totals + LEBRON CSV + user-supplied team W/L,https://www.basketball-reference.com/teams/POR/2026.html
1641712,Rayan Rupert,Rayan,Rupert,2026,2025-26,MEM,POR/MEM,SG,16,495,30.938,16.755,-3.363,-2.864,-0.498,-0.58,Stationary Shooter,Chaser,25,57,0.305,true,2,rayan rupert,exact_name,Rayan Rupert,Basketball-Reference 2025-26 regular-season team totals + LEBRON CSV + user-supplied team W/L,https://www.basketball-reference.com/teams/MEM/2026.html
1641713,Gg Jackson,Gg,Jackson,2026,2025-26,MEM,MEM,PF,55,1178,21.418,21.412,-0.846,-0.762,-0.084,1.191,Shot Creator,Wing Stopper,25,57,0.305,false,1,gg jackson,exact_name,Gg Jackson,Basketball-Reference 2025-26 regular-season team totals + LEBRON CSV + user-supplied team W/L,https://www.basketball-reference.com/teams/MEM/2026.html
1641715,Cam Whitmore,Cam,Whitmore,2026,2025-26,WAS,WAS,SF,21,354,16.857,16.853,-2.081,-0.788,-1.294,0.086,Shot Creator,Helper,17,65,0.207,false,1,cam whitmore,exact_name,Cam Whitmore,Basketball-Reference 2025-26 regular-season team totals + LEBRON CSV + user-supplied team W/L,https://www.basketball-reference.com/teams/WAS/2026.html
1641716,Jarace Walker,Jarace,Walker,2026,2025-26,IND,IND,PF,76,1953,25.697,25.7,-2.681,-1.436,-1.245,-0.247,Movement Shooter,Helper,19,63,0.232,false,1,jarace walker,exact_name,Jarace Walker,Basketball-Reference 2025-26 regular-season team totals + LEBRON CSV + user-supplied team W/L,https://www.basketball-reference.com/teams/IND/2026.html
1641717,Cason Wallace,Cason,Wallace,2026,2025-26,OKC,OKC,SG,77,2046,26.571,26.569,2.172,-0.478,2.649,5.928,Secondary Ball Handler,Point of Attack,64,18,0.78,false,1,cason wallace,exact_name,Cason Wallace,Basketball-Reference 2025-26 regular-season team totals + LEBRON CSV + user-supplied team W/L,https://www.basketball-reference.com/teams/OKC/2026.html
1641718,Keyonte George,Keyonte,George,2026,2025-26,UTA,UTA,PG,54,1786,33.074,33.076,-0.645,1.094,-1.739,2.03,Primary Ball Handler,Chaser,22,60,0.268,false,1,keyonte george,exact_name,Keyonte George,Basketball-Reference 2025-26 regular-season team totals + LEBRON CSV + user-supplied team W/L,https://www.basketball-reference.com/teams/UTA/2026.html
1641722,Jordan Hawkins,Jordan,Hawkins,2026,2025-26,NOP,NOP,SG,51,692,13.569,13.566,-3.985,-1.985,-2,-0.632,Off Screen Shooter,Chaser,26,56,0.317,false,1,jordan hawkins,exact_name,Jordan Hawkins,Basketball-Reference 2025-26 regular-season team totals + LEBRON CSV + user-supplied team W/L,https://www.basketball-reference.com/teams/NOP/2026.html
1641724,Jett Howard,Jett,Howard,2026,2025-26,ORL,ORL,SF,55,695,12.636,12.64,-1.609,0.017,-1.626,0.372,Movement Shooter,Chaser,45,37,0.549,false,1,jett howard,exact_name,Jett Howard,Basketball-Reference 2025-26 regular-season team totals + LEBRON CSV + user-supplied team W/L,https://www.basketball-reference.com/teams/ORL/2026.html
1641729,Brice Sensabaugh,Brice,Sensabaugh,2026,2025-26,UTA,UTA,SF,75,1762,23.493,23.49,-1.886,0.259,-2.145,0.639,Movement Shooter,Helper,22,60,0.268,false,1,brice sensabaugh,exact_name,Brice Sensabaugh,Basketball-Reference 2025-26 regular-season team totals + LEBRON CSV + user-supplied team W/L,https://www.basketball-reference.com/teams/UTA/2026.html
1641730,Noah Clowney,Noah,Clowney,2026,2025-26,BRK,BRK,PF,66,1780,26.97,26.969,-2.836,-1.901,-0.936,-0.395,Movement Shooter,Wing Stopper,20,62,0.244,false,1,noah clowney,exact_name,Noah Clowney,Basketball-Reference 2025-26 regular-season team totals + LEBRON CSV + user-supplied team W/L,https://www.basketball-reference.com/teams/BRK/2026.html
1641731,Bilal Coulibaly,Bilal,Coulibaly,2026,2025-26,WAS,WAS,SG,56,1468,26.214,26.206,-1.73,-1.678,-0.051,0.675,Secondary Ball Handler,Wing Stopper,17,65,0.207,false,1,bilal coulibaly,exact_name,Bilal Coulibaly,Basketball-Reference 2025-26 regular-season team totals + LEBRON CSV + user-supplied team W/L,https://www.basketball-reference.com/teams/WAS/2026.html
1641733,Nick Smith Jr.,Nick,Smith Jr.,2026,2025-26,LAL,LAL,SG,30,375,12.5,12.495,-2.657,-0.989,-1.668,-0.042,Shot Creator,Point of Attack,53,29,0.646,false,1,nick smith jr,exact_name,Nick Smith Jr.,Basketball-Reference 2025-26 regular-season team totals + LEBRON CSV + user-supplied team W/L,https://www.basketball-reference.com/teams/LAL/2026.html
1641737,Adem Bona,Adem,Bona,2026,2025-26,PHI,PHI,C,71,1234,17.38,17.38,-0.914,-2.059,1.145,1.195,Roll + Cut Big,Mobile Big,45,37,0.549,false,1,adem bona,exact_name,Adem Bona,Basketball-Reference 2025-26 regular-season team totals + LEBRON CSV + user-supplied team W/L,https://www.basketball-reference.com/teams/PHI/2026.html
1641738,Kobe Brown,Kobe,Brown,2026,2025-26,LAC,LAC/IND,PF,34,295,8.676,15.775,-2.938,-1.557,-1.381,-0.273,Movement Shooter,Helper,42,40,0.512,true,2,kobe brown,exact_name,Kobe Brown,Basketball-Reference 2025-26 regular-season team totals + LEBRON CSV + user-supplied team W/L,https://www.basketball-reference.com/teams/LAC/2026.html
1641738,Kobe Brown,Kobe,Brown,2026,2025-26,IND,LAC/IND,PF,27,668,24.741,15.775,-2.938,-1.557,-1.381,-0.273,Movement Shooter,Helper,19,63,0.232,true,2,kobe brown,exact_name,Kobe Brown,Basketball-Reference 2025-26 regular-season team totals + LEBRON CSV + user-supplied team W/L,https://www.basketball-reference.com/teams/IND/2026.html
1641739,Toumani Camara,Toumani,Camara,2026,2025-26,POR,POR,PF,82,2731,33.305,33.305,-0.023,-0.956,0.934,4.171,Stationary Shooter,Wing Stopper,42,40,0.512,false,1,toumani camara,exact_name,Toumani Camara,Basketball-Reference 2025-26 regular-season team totals + LEBRON CSV + user-supplied team W/L,https://www.basketball-reference.com/teams/POR/2026.html
1641740,Jaylen Clark,Jaylen,Clark,2026,2025-26,MIN,MIN,SG,68,888,13.059,13.051,-0.683,-0.465,-0.219,0.988,Stationary Shooter,Point of Attack,49,33,0.598,false,1,jaylen clark,exact_name,Jaylen Clark,Basketball-Reference 2025-26 regular-season team totals + LEBRON CSV + user-supplied team W/L,https://www.basketball-reference.com/teams/MIN/2026.html
1641744,Zach Edey,Zach,Edey,2026,2025-26,MEM,MEM,C,11,284,25.818,25.8,0.912,-0.944,1.857,0.6,Post Scorer,Anchor Big,25,57,0.305,false,1,zach edey,exact_name,Zach Edey,Basketball-Reference 2025-26 regular-season team totals + LEBRON CSV + user-supplied team W/L,https://www.basketball-reference.com/teams/MEM/2026.html
1641750,Ryan Kalkbrenner,Ryan,Kalkbrenner,2026,2025-26,CHO,CHO,C,69,1479,21.435,21.432,-0.503,-1.988,1.485,1.813,Roll + Cut Big,Anchor Big,44,38,0.537,false,1,ryan kalkbrenner,exact_name,Ryan Kalkbrenner,Basketball-Reference 2025-26 regular-season team totals + LEBRON CSV + user-supplied team W/L,https://www.basketball-reference.com/teams/CHO/2026.html
1641757,Jordan Miller,Jordan,Miller,2026,2025-26,LAC,LAC,SF,60,1325,22.083,22.078,-0.766,0.195,-0.962,1.405,Shot Creator,Chaser,42,40,0.512,false,1,jordan miller,exact_name,Jordan Miller,Basketball-Reference 2025-26 regular-season team totals + LEBRON CSV + user-supplied team W/L,https://www.basketball-reference.com/teams/LAC/2026.html
1641764,Brandin Podziemski,Brandin,Podziemski,2026,2025-26,GSW,GSW,SG,82,2333,28.451,28.443,0.183,-0.587,0.77,3.863,Primary Ball Handler,Chaser,37,45,0.451,false,1,brandin podziemski,exact_name,Brandin Podziemski,Basketball-Reference 2025-26 regular-season team totals + LEBRON CSV + user-supplied team W/L,https://www.basketball-reference.com/teams/GSW/2026.html
1641765,Olivier-Maxence Prosper,Olivier-Maxence,Prosper,2026,2025-26,MEM,MEM,PF,53,984,18.566,18.556,-2.116,-1.328,-0.787,0.217,Stretch Big,Mobile Big,25,57,0.305,false,1,olivier maxence prosper,exact_name,Olivier-Maxence Prosper,Basketball-Reference 2025-26 regular-season team totals + LEBRON CSV + user-supplied team W/L,https://www.basketball-reference.com/teams/MEM/2026.html
1641767,Ben Sheppard,Ben,Sheppard,2026,2025-26,IND,IND,SG,65,1390,21.385,21.389,-2.008,-1.241,-0.767,0.399,Movement Shooter,Chaser,19,63,0.232,false,1,ben sheppard,exact_name,Ben Sheppard,Basketball-Reference 2025-26 regular-season team totals + LEBRON CSV + user-supplied team W/L,https://www.basketball-reference.com/teams/IND/2026.html
1641771,Jalen Slawson,Jalen,Slawson,2026,2025-26,IND,IND,SF,13,311,23.923,23.886,-0.192,-0.899,0.708,0.441,Movement Shooter,Helper,19,63,0.232,false,1,jalen slawson,exact_name,Jalen Slawson,Basketball-Reference 2025-26 regular-season team totals + LEBRON CSV + user-supplied team W/L,https://www.basketball-reference.com/teams/IND/2026.html
1641772,Nae'Qwan Tomlin,Nae'Qwan,Tomlin,2026,2025-26,CLE,CLE,PF,64,1004,15.688,15.68,-0.61,-0.509,-0.101,1.163,Stationary Shooter,Helper,52,30,0.634,false,1,nae qwan tomlin,exact_name,Nae'Qwan Tomlin,Basketball-Reference 2025-26 regular-season team totals + LEBRON CSV + user-supplied team W/L,https://www.basketball-reference.com/teams/CLE/2026.html
1641774,Tristan Vukcevic,Tristan,Vukcevic,2026,2025-26,WAS,WAS,C,49,671,13.694,13.692,-0.821,-0.21,-0.611,0.689,Stretch Big,Mobile Big,17,65,0.207,false,1,tristan vukcevic,exact_name,Tristan Vukcevic,Basketball-Reference 2025-26 regular-season team totals + LEBRON CSV + user-supplied team W/L,https://www.basketball-reference.com/teams/WAS/2026.html
1641775,Jordan Walsh,Jordan,Walsh,2026,2025-26,BOS,BOS,PF,68,1212,17.824,17.819,-0.494,-1.186,0.692,1.493,Stationary Shooter,Point of Attack,56,26,0.683,false,1,jordan walsh,exact_name,Jordan Walsh,Basketball-Reference 2025-26 regular-season team totals + LEBRON CSV + user-supplied team W/L,https://www.basketball-reference.com/teams/BOS/2026.html
1641778,Leaky Black,Leaky,Black,2026,2025-26,WAS,WAS,SF,15,433,28.867,28.87,-2.759,-2.475,-0.283,-0.076,Stationary Shooter,Chaser,17,65,0.207,false,1,leaky black,exact_name,Leaky Black,Basketball-Reference 2025-26 regular-season team totals + LEBRON CSV + user-supplied team W/L,https://www.basketball-reference.com/teams/WAS/2026.html
1641783,Tristan Da Silva,Tristan,Da Silva,2026,2025-26,ORL,ORL,SF,77,1899,24.662,24.666,-0.717,-0.838,0.121,2.073,Movement Shooter,Helper,45,37,0.549,false,1,tristan da silva,exact_name,Tristan Da Silva,Basketball-Reference 2025-26 regular-season team totals + LEBRON CSV + user-supplied team W/L,https://www.basketball-reference.com/teams/ORL/2026.html
1641790,Pj Hall,Pj,Hall,2026,2025-26,MEM,MEM/CHO,C,7,27,3.857,11.228,-1.52,-1.519,-0.001,0.126,Roll + Cut Big,Anchor Big,25,57,0.305,true,2,pj hall,exact_name,Pj Hall,Basketball-Reference 2025-26 regular-season team totals + LEBRON CSV + user-supplied team W/L,https://www.basketball-reference.com/teams/MEM/2026.html
1641790,Pj Hall,Pj,Hall,2026,2025-26,CHO,MEM/CHO,C,12,187,15.583,11.228,-1.52,-1.519,-0.001,0.126,Roll + Cut Big,Anchor Big,44,38,0.537,true,2,pj hall,exact_name,Pj Hall,Basketball-Reference 2025-26 regular-season team totals + LEBRON CSV + user-supplied team W/L,https://www.basketball-reference.com/teams/CHO/2026.html
1641796,Pelle Larsson,Pelle,Larsson,2026,2025-26,MIA,MIA,SG,70,1849,26.414,26.415,0.073,-0.451,0.524,2.935,Shot Creator,Chaser,43,39,0.524,false,1,pelle larsson,exact_name,Pelle Larsson,Basketball-Reference 2025-26 regular-season team totals + LEBRON CSV + user-supplied team W/L,https://www.basketball-reference.com/teams/MIA/2026.html
1641824,Matas Buzelis,Matas,Buzelis,2026,2025-26,CHI,CHI,PF,77,2248,29.195,29.196,-0.789,-0.679,-0.11,2.353,Movement Shooter,Helper,31,51,0.378,false,1,matas buzelis,exact_name,Matas Buzelis,Basketball-Reference 2025-26 regular-season team totals + LEBRON CSV + user-supplied team W/L,https://www.basketball-reference.com/teams/CHI/2026.html
1641842,Ronald Holland Ii,Ronald,Holland Ii,2026,2025-26,DET,DET,SF,78,1551,19.885,19.873,-0.459,-2.017,1.558,1.943,Stationary Shooter,Point of Attack,60,22,0.732,false,1,ronald holland ii,exact_name,Ronald Holland Ii,Basketball-Reference 2025-26 regular-season team totals + LEBRON CSV + user-supplied team W/L,https://www.basketball-reference.com/teams/DET/2026.html
1641854,Craig Porter Jr.,Craig,Porter Jr.,2026,2025-26,CLE,CLE,PG,64,1148,17.938,17.929,1.802,0.626,1.177,3.062,Secondary Ball Handler,Point of Attack,52,30,0.634,false,1,craig porter jr,exact_name,Craig Porter Jr.,Basketball-Reference 2025-26 regular-season team totals + LEBRON CSV + user-supplied team W/L,https://www.basketball-reference.com/teams/CLE/2026.html
1641869,Malachi Smith,Malachi,Smith,2026,2025-26,BRK,BRK,SG,15,359,23.933,23.921,-1.741,-1.5,-0.241,0.163,Secondary Ball Handler,Helper,20,62,0.244,false,1,malachi smith,exact_name,Malachi Smith,Basketball-Reference 2025-26 regular-season team totals + LEBRON CSV + user-supplied team W/L,https://www.basketball-reference.com/teams/BRK/2026.html
1641989,Elijah Harkless,Elijah,Harkless,2026,2025-26,UTA,UTA,SG,26,545,20.962,20.953,-0.737,-0.717,-0.02,0.588,Primary Ball Handler,Point of Attack,22,60,0.268,false,1,elijah harkless,exact_name,Elijah Harkless,Basketball-Reference 2025-26 regular-season team totals + LEBRON CSV + user-supplied team W/L,https://www.basketball-reference.com/teams/UTA/2026.html
1642258,Zaccharie Risacher,Zaccharie,Risacher,2026,2025-26,ATL,ATL,SF,67,1503,22.433,22.435,-0.39,-0.729,0.338,1.949,Movement Shooter,Helper,46,36,0.561,false,1,zaccharie risacher,exact_name,Zaccharie Risacher,Basketball-Reference 2025-26 regular-season team totals + LEBRON CSV + user-supplied team W/L,https://www.basketball-reference.com/teams/ATL/2026.html
1642259,Alex Sarr,Alex,Sarr,2026,2025-26,WAS,WAS,C,48,1305,27.188,27.179,-0.347,-1.089,0.742,1.727,Shot Creator,Mobile Big,17,65,0.207,false,1,alex sarr,exact_name,Alex Sarr,Basketball-Reference 2025-26 regular-season team totals + LEBRON CSV + user-supplied team W/L,https://www.basketball-reference.com/teams/WAS/2026.html
1642261,Dalton Knecht,Dalton,Knecht,2026,2025-26,LAL,LAL,SF,54,553,10.241,10.238,-3.698,-2.056,-1.642,-0.41,Movement Shooter,Helper,53,29,0.646,false,1,dalton knecht,exact_name,Dalton Knecht,Basketball-Reference 2025-26 regular-season team totals + LEBRON CSV + user-supplied team W/L,https://www.basketball-reference.com/teams/LAL/2026.html
1642262,Cody Williams,Cody,Williams,2026,2025-26,UTA,UTA,SG,67,1631,24.343,24.335,-2.994,-2.332,-0.661,-0.518,Athletic Finisher,Point of Attack,22,60,0.268,false,1,cody williams,exact_name,Cody Williams,Basketball-Reference 2025-26 regular-season team totals + LEBRON CSV + user-supplied team W/L,https://www.basketball-reference.com/teams/UTA/2026.html
1642263,Reed Sheppard,Reed,Sheppard,2026,2025-26,HOU,HOU,SG,82,2147,26.183,26.176,-1.786,-0.742,-1.044,0.912,Primary Ball Handler,Chaser,52,30,0.634,false,1,reed sheppard,exact_name,Reed Sheppard,Basketball-Reference 2025-26 regular-season team totals + LEBRON CSV + user-supplied team W/L,https://www.basketball-reference.com/teams/HOU/2026.html
1642264,Stephon Castle,Stephon,Castle,2026,2025-26,SAS,SAS,PG,68,2038,29.971,29.964,1.464,0.556,0.908,5.009,Primary Ball Handler,Point of Attack,62,20,0.756,false,1,stephon castle,exact_name,Stephon Castle,Basketball-Reference 2025-26 regular-season team totals + LEBRON CSV + user-supplied team W/L,https://www.basketball-reference.com/teams/SAS/2026.html
1642265,Rob Dillingham,Rob,Dillingham,2026,2025-26,MIN,MIN/CHI,PG,35,326,9.314,14.921,-3.154,-1.585,-1.569,-0.403,Shot Creator,Low Activity,49,33,0.598,true,2,rob dillingham,exact_name,Rob Dillingham,Basketball-Reference 2025-26 regular-season team totals + LEBRON CSV + user-supplied team W/L,https://www.basketball-reference.com/teams/MIN/2026.html
1642265,Rob Dillingham,Rob,Dillingham,2026,2025-26,CHI,MIN/CHI,PG,30,644,21.467,14.921,-3.154,-1.585,-1.569,-0.403,Shot Creator,Low Activity,31,51,0.378,true,2,rob dillingham,exact_name,Rob Dillingham,Basketball-Reference 2025-26 regular-season team totals + LEBRON CSV + user-supplied team W/L,https://www.basketball-reference.com/teams/CHI/2026.html
1642266,Ja'Kobe Walter,Ja'Kobe,Walter,2026,2025-26,TOR,TOR,SG,72,1474,20.472,20.464,-0.758,-0.994,0.235,1.57,Movement Shooter,Point of Attack,46,36,0.561,false,1,ja kobe walter,exact_name,Ja'Kobe Walter,Basketball-Reference 2025-26 regular-season team totals + LEBRON CSV + user-supplied team W/L,https://www.basketball-reference.com/teams/TOR/2026.html
1642267,Bub Carrington,Bub,Carrington,2026,2025-26,WAS,WAS,PG,82,2271,27.695,27.688,-5.555,-2.61,-2.945,-4.135,Primary Ball Handler,Point of Attack,17,65,0.207,false,1,bub carrington,exact_name,Bub Carrington,Basketball-Reference 2025-26 regular-season team totals + LEBRON CSV + user-supplied team W/L,https://www.basketball-reference.com/teams/WAS/2026.html
1642268,Isaiah Collier,Isaiah,Collier,2026,2025-26,UTA,UTA,PG,59,1517,25.712,25.709,-2.264,-1.089,-1.175,0.196,Shot Creator,Point of Attack,22,60,0.268,false,1,isaiah collier,exact_name,Isaiah Collier,Basketball-Reference 2025-26 regular-season team totals + LEBRON CSV + user-supplied team W/L,https://www.basketball-reference.com/teams/UTA/2026.html
1642269,Devin Carter,Devin,Carter,2026,2025-26,SAC,SAC,PG,38,700,18.421,18.416,-0.046,0.173,-0.219,1.059,Primary Ball Handler,Point of Attack,22,60,0.268,false,1,devin carter,exact_name,Devin Carter,Basketball-Reference 2025-26 regular-season team totals + LEBRON CSV + user-supplied team W/L,https://www.basketball-reference.com/teams/SAC/2026.html
1642270,Donovan Clingan,Donovan,Clingan,2026,2025-26,POR,POR,C,77,2094,27.195,27.186,3.407,1.057,2.35,7.643,Stretch Big,Anchor Big,42,40,0.512,false,1,donovan clingan,exact_name,Donovan Clingan,Basketball-Reference 2025-26 regular-season team totals + LEBRON CSV + user-supplied team W/L,https://www.basketball-reference.com/teams/POR/2026.html
1642271,Kyle Filipowski,Kyle,Filipowski,2026,2025-26,UTA,UTA,C,77,1801,23.39,23.388,-0.303,-0.366,0.063,2.433,Stationary Shooter,Helper,22,60,0.268,false,1,kyle filipowski,exact_name,Kyle Filipowski,Basketball-Reference 2025-26 regular-season team totals + LEBRON CSV + user-supplied team W/L,https://www.basketball-reference.com/teams/UTA/2026.html
1642272,Jared Mccain,Jared,Mccain,2026,2025-26,PHI,PHI/OKC,SG,37,620,16.757,17.306,-2.656,-0.809,-1.847,-0.129,Secondary Ball Handler,Low Activity,45,37,0.549,true,2,jared mccain,exact_name,Jared Mccain,Basketball-Reference 2025-26 regular-season team totals + LEBRON CSV + user-supplied team W/L,https://www.basketball-reference.com/teams/PHI/2026.html
1642272,Jared Mccain,Jared,Mccain,2026,2025-26,OKC,PHI/OKC,SG,30,540,18,17.306,-2.656,-0.809,-1.847,-0.129,Secondary Ball Handler,Low Activity,64,18,0.78,true,2,jared mccain,exact_name,Jared Mccain,Basketball-Reference 2025-26 regular-season team totals + LEBRON CSV + user-supplied team W/L,https://www.basketball-reference.com/teams/OKC/2026.html
1642273,Kyshawn George,Kyshawn,George,2026,2025-26,WAS,WAS,SF,48,1391,28.979,28.977,-1.147,-0.942,-0.205,1.145,Primary Ball Handler,Wing Stopper,17,65,0.207,false,1,kyshawn george,exact_name,Kyshawn George,Basketball-Reference 2025-26 regular-season team totals + LEBRON CSV + user-supplied team W/L,https://www.basketball-reference.com/teams/WAS/2026.html
1642274,Yves Missi,Yves,Missi,2026,2025-26,NOP,NOP,C,66,1297,19.652,19.649,-0.477,-1.032,0.556,1.611,Roll + Cut Big,Mobile Big,26,56,0.317,false,1,yves missi,exact_name,Yves Missi,Basketball-Reference 2025-26 regular-season team totals + LEBRON CSV + user-supplied team W/L,https://www.basketball-reference.com/teams/NOP/2026.html
1642275,Tidjane Salaun,Tidjane,Salaun,2026,2025-26,CHO,CHO,PF,37,575,15.541,15.547,-1.226,-1.512,0.286,0.445,Stationary Shooter,Helper,44,38,0.537,false,1,tidjane salaun,exact_name,Tidjane Salaun,Basketball-Reference 2025-26 regular-season team totals + LEBRON CSV + user-supplied team W/L,https://www.basketball-reference.com/teams/CHO/2026.html
1642276,Kel'El Ware,Kel'El,Ware,2026,2025-26,MIA,MIA,C,77,1704,22.13,22.125,0.796,0.096,0.7,3.477,Stretch Big,Mobile Big,43,39,0.524,false,1,kel el ware,exact_name,Kel'El Ware,Basketball-Reference 2025-26 regular-season team totals + LEBRON CSV + user-supplied team W/L,https://www.basketball-reference.com/teams/MIA/2026.html
1642277,Johnny Furphy,Johnny,Furphy,2026,2025-26,IND,IND,SG,35,643,18.371,18.37,-0.786,-2.115,1.329,0.674,Stationary Shooter,Helper,19,63,0.232,false,1,johnny furphy,exact_name,Johnny Furphy,Basketball-Reference 2025-26 regular-season team totals + LEBRON CSV + user-supplied team W/L,https://www.basketball-reference.com/teams/IND/2026.html
1642278,Tyler Kolek,Tyler,Kolek,2026,2025-26,NYK,NYK,PG,62,727,11.726,11.726,-1.055,-1.025,-0.03,0.64,Primary Ball Handler,Point of Attack,53,29,0.646,false,1,tyler kolek,exact_name,Tyler Kolek,Basketball-Reference 2025-26 regular-season team totals + LEBRON CSV + user-supplied team W/L,https://www.basketball-reference.com/teams/NYK/2026.html
1642281,Jaylon Tyson,Jaylon,Tyson,2026,2025-26,CLE,CLE,SG,66,1777,26.924,26.928,0.604,0.804,-0.2,3.414,Movement Shooter,Chaser,52,30,0.634,false,1,jaylon tyson,exact_name,Jaylon Tyson,Basketball-Reference 2025-26 regular-season team totals + LEBRON CSV + user-supplied team W/L,https://www.basketball-reference.com/teams/CLE/2026.html
1642285,Cam Spencer,Cam,Spencer,2026,2025-26,MEM,MEM,SG,72,1714,23.806,23.809,-0.256,0.99,-1.246,2.367,Primary Ball Handler,Low Activity,25,57,0.305,false,1,cam spencer,exact_name,Cam Spencer,Basketball-Reference 2025-26 regular-season team totals + LEBRON CSV + user-supplied team W/L,https://www.basketball-reference.com/teams/MEM/2026.html
1642345,Oso Ighodaro,Oso,Ighodaro,2026,2025-26,PHO,PHO,PF,82,1808,22.049,22.05,0.201,-1.308,1.509,3.015,Roll + Cut Big,Mobile Big,45,37,0.549,false,1,oso ighodaro,exact_name,Oso Ighodaro,Basketball-Reference 2025-26 regular-season team totals + LEBRON CSV + user-supplied team W/L,https://www.basketball-reference.com/teams/PHO/2026.html
1642346,Ryan Dunn,Ryan,Dunn,2026,2025-26,PHO,PHO,SF,70,1355,19.357,19.355,-0.102,-0.711,0.609,2.002,Stationary Shooter,Helper,45,37,0.549,false,1,ryan dunn,exact_name,Ryan Dunn,Basketball-Reference 2025-26 regular-season team totals + LEBRON CSV + user-supplied team W/L,https://www.basketball-reference.com/teams/PHO/2026.html
1642347,Jamal Shead,Jamal,Shead,2026,2025-26,TOR,TOR,PG,82,1852,22.585,22.586,0.156,-0.117,0.273,3.037,Primary Ball Handler,Point of Attack,46,36,0.561,false,1,jamal shead,exact_name,Jamal Shead,Basketball-Reference 2025-26 regular-season team totals + LEBRON CSV + user-supplied team W/L,https://www.basketball-reference.com/teams/TOR/2026.html
1642348,Justin Edwards,Justin,Edwards,2026,2025-26,PHI,PHI,SF,64,977,15.266,15.263,-1.759,-1.042,-0.717,0.431,Movement Shooter,Chaser,45,37,0.549,false,1,justin edwards,exact_name,Justin Edwards,Basketball-Reference 2025-26 regular-season team totals + LEBRON CSV + user-supplied team W/L,https://www.basketball-reference.com/teams/PHI/2026.html
1642349,Ajay Mitchell,Ajay,Mitchell,2026,2025-26,OKC,OKC,SG,57,1473,25.842,25.835,2.391,0.881,1.51,4.465,Primary Ball Handler,Point of Attack,64,18,0.78,false,1,ajay mitchell,exact_name,Ajay Mitchell,Basketball-Reference 2025-26 regular-season team totals + LEBRON CSV + user-supplied team W/L,https://www.basketball-reference.com/teams/OKC/2026.html
1642354,Kj Simpson,Kj,Simpson,2026,2025-26,CHO,CHO/DEN,PG,14,223,15.929,12.878,-1.135,-0.716,-0.418,0.214,Secondary Ball Handler,Point of Attack,44,38,0.537,true,2,kj simpson,exact_name,Kj Simpson,Basketball-Reference 2025-26 regular-season team totals + LEBRON CSV + user-supplied team W/L,https://www.basketball-reference.com/teams/CHO/2026.html
1642354,Kj Simpson,Kj,Simpson,2026,2025-26,DEN,CHO/DEN,PG,6,34,5.667,12.878,-1.135,-0.716,-0.418,0.214,Secondary Ball Handler,Point of Attack,54,28,0.659,true,2,kj simpson,exact_name,Kj Simpson,Basketball-Reference 2025-26 regular-season team totals + LEBRON CSV + user-supplied team W/L,https://www.basketball-reference.com/teams/DEN/2026.html
1642363,Nique Clifford,Nique,Clifford,2026,2025-26,SAC,SAC,SG,75,1882,25.093,25.091,-1.112,-1.533,0.421,1.59,Movement Shooter,Chaser,22,60,0.268,false,1,nique clifford,exact_name,Nique Clifford,Basketball-Reference 2025-26 regular-season team totals + LEBRON CSV + user-supplied team W/L,https://www.basketball-reference.com/teams/SAC/2026.html
1642364,Jamir Watkins,Jamir,Watkins,2026,2025-26,WAS,WAS,SG,50,1032,20.64,20.641,-1.392,-1.525,0.134,0.692,Movement Shooter,Point of Attack,17,65,0.207,false,1,jamir watkins,exact_name,Jamir Watkins,Basketball-Reference 2025-26 regular-season team totals + LEBRON CSV + user-supplied team W/L,https://www.basketball-reference.com/teams/WAS/2026.html
1642366,Quinten Post,Quinten,Post,2026,2025-26,GSW,GSW,PF,67,1159,17.299,17.298,-0.592,-0.653,0.06,1.356,Stretch Big,Mobile Big,37,45,0.451,false,1,quinten post,exact_name,Quinten Post,Basketball-Reference 2025-26 regular-season team totals + LEBRON CSV + user-supplied team W/L,https://www.basketball-reference.com/teams/GSW/2026.html
1642377,Jaylen Wells,Jaylen,Wells,2026,2025-26,MEM,MEM,SG,69,1821,26.391,26.383,-0.599,-0.44,-0.159,2.122,Movement Shooter,Point of Attack,25,57,0.305,false,1,jaylen wells,exact_name,Jaylen Wells,Basketball-Reference 2025-26 regular-season team totals + LEBRON CSV + user-supplied team W/L,https://www.basketball-reference.com/teams/MEM/2026.html
1642380,Adama Bal,Adama,Bal,2026,2025-26,MEM,MEM,SG,8,241,30.125,30.162,-2.963,-1.854,-1.109,-0.072,Movement Shooter,Helper,25,57,0.305,false,1,adama bal,exact_name,Adama Bal,Basketball-Reference 2025-26 regular-season team totals + LEBRON CSV + user-supplied team W/L,https://www.basketball-reference.com/teams/MEM/2026.html
1642382,Branden Carlson,Branden,Carlson,2026,2025-26,OKC,OKC,C,42,488,11.619,11.621,-0.321,-0.45,0.13,0.654,Stretch Big,Anchor Big,64,18,0.78,false,1,branden carlson,exact_name,Branden Carlson,Basketball-Reference 2025-26 regular-season team totals + LEBRON CSV + user-supplied team W/L,https://www.basketball-reference.com/teams/OKC/2026.html
1642383,Walter Clayton Jr.,Walter,Clayton Jr.,2026,2025-26,UTA,UTA/MEM,PG,45,811,18.022,20.442,-2.68,-1.173,-1.507,-0.178,Primary Ball Handler,Point of Attack,22,60,0.268,true,2,walter clayton jr,exact_name,Walter Clayton Jr.,Basketball-Reference 2025-26 regular-season team totals + LEBRON CSV + user-supplied team W/L,https://www.basketball-reference.com/teams/UTA/2026.html
1642383,Walter Clayton Jr.,Walter,Clayton Jr.,2026,2025-26,MEM,UTA/MEM,PG,24,599,24.958,20.442,-2.68,-1.173,-1.507,-0.178,Primary Ball Handler,Point of Attack,25,57,0.305,true,2,walter clayton jr,exact_name,Walter Clayton Jr.,Basketball-Reference 2025-26 regular-season team totals + LEBRON CSV + user-supplied team W/L,https://www.basketball-reference.com/teams/MEM/2026.html
1642396,Blake Hinson,Blake,Hinson,2026,2025-26,UTA,UTA,SF,14,285,20.357,20.388,-0.959,-0.057,-0.902,0.268,Movement Shooter,Low Activity,22,60,0.268,false,1,blake hinson,exact_name,Blake Hinson,Basketball-Reference 2025-26 regular-season team totals + LEBRON CSV + user-supplied team W/L,https://www.basketball-reference.com/teams/UTA/2026.html
1642450,Daniss Jenkins,Daniss,Jenkins,2026,2025-26,DET,DET,PG,72,1455,20.208,20.21,0.182,0.05,0.132,2.41,Primary Ball Handler,Point of Attack,60,22,0.732,false,1,daniss jenkins,exact_name,Daniss Jenkins,Basketball-Reference 2025-26 regular-season team totals + LEBRON CSV + user-supplied team W/L,https://www.basketball-reference.com/teams/DET/2026.html
1642461,Spencer Jones,Spencer,Jones,2026,2025-26,DEN,DEN,SF,64,1417,22.141,22.135,-2.302,-2.526,0.224,0.15,Stationary Shooter,Wing Stopper,54,28,0.659,false,1,spencer jones,exact_name,Spencer Jones,Basketball-Reference 2025-26 regular-season team totals + LEBRON CSV + user-supplied team W/L,https://www.basketball-reference.com/teams/DEN/2026.html
1642484,Rayj Dennis,Rayj,Dennis,2026,2025-26,IND,IND/LAC/ATL,PG,13,168,12.923,12.129,-1.403,-0.631,-0.772,0.137,Secondary Ball Handler,Point of Attack,19,63,0.232,true,3,rayj dennis,exact_name,Rayj Dennis,Basketball-Reference 2025-26 regular-season team totals + LEBRON CSV + user-supplied team W/L,https://www.basketball-reference.com/teams/IND/2026.html
1642484,Rayj Dennis,Rayj,Dennis,2026,2025-26,LAC,IND/LAC/ATL,PG,1,4,4,12.129,-1.403,-0.631,-0.772,0.137,Secondary Ball Handler,Point of Attack,42,40,0.512,true,3,rayj dennis,exact_name,Rayj Dennis,Basketball-Reference 2025-26 regular-season team totals + LEBRON CSV + user-supplied team W/L,https://www.basketball-reference.com/teams/LAC/2026.html
1642484,Rayj Dennis,Rayj,Dennis,2026,2025-26,ATL,IND/LAC/ATL,PG,3,34,11.333,12.129,-1.403,-0.631,-0.772,0.137,Secondary Ball Handler,Point of Attack,46,36,0.561,true,3,rayj dennis,exact_name,Rayj Dennis,Basketball-Reference 2025-26 regular-season team totals + LEBRON CSV + user-supplied team W/L,https://www.basketball-reference.com/teams/ATL/2026.html
1642502,Malevy Leons,Malevy,Leons,2026,2025-26,GSW,GSW,SF,25,276,11.04,11.056,-1.273,-1.041,-0.232,0.206,Athletic Finisher,Helper,37,45,0.451,false,1,malevy leons,exact_name,Malevy Leons,Basketball-Reference 2025-26 regular-season team totals + LEBRON CSV + user-supplied team W/L,https://www.basketball-reference.com/teams/GSW/2026.html
1642504,Cormac Ryan,Cormac,Ryan,2026,2025-26,MIL,MIL,SG,11,271,24.636,24.605,-0.732,-0.165,-0.567,0.293,Movement Shooter,Point of Attack,32,50,0.39,false,1,cormac ryan,exact_name,Cormac Ryan,Basketball-Reference 2025-26 regular-season team totals + LEBRON CSV + user-supplied team W/L,https://www.basketball-reference.com/teams/MIL/2026.html
1642530,Yuki Kawamura,Yuki,Kawamura,2026,2025-26,CHI,CHI,PG,18,209,11.611,11.609,-0.414,-0.242,-0.172,0.268,Secondary Ball Handler,Point of Attack,31,51,0.378,false,1,yuki kawamura,exact_name,Yuki Kawamura,Basketball-Reference 2025-26 regular-season team totals + LEBRON CSV + user-supplied team W/L,https://www.basketball-reference.com/teams/CHI/2026.html
1642843,Cooper Flagg,Cooper,Flagg,2026,2025-26,DAL,DAL,SF,70,2344,33.486,33.482,-0.155,-0.178,0.023,3.386,Shot Creator,Helper,26,56,0.317,false,1,cooper flagg,exact_name,Cooper Flagg,Basketball-Reference 2025-26 regular-season team totals + LEBRON CSV + user-supplied team W/L,https://www.basketball-reference.com/teams/DAL/2026.html
1642844,Dylan Harper,Dylan,Harper,2026,2025-26,SAS,SAS,SG,69,1558,22.58,22.577,0.947,0.479,0.467,3.326,Shot Creator,Point of Attack,62,20,0.756,false,1,dylan harper,exact_name,Dylan Harper,Basketball-Reference 2025-26 regular-season team totals + LEBRON CSV + user-supplied team W/L,https://www.basketball-reference.com/teams/SAS/2026.html
1642845,Vj Edgecombe,Vj,Edgecombe,2026,2025-26,PHI,PHI,SG,75,2623,34.973,34.975,0.001,-0.079,0.08,4.046,Primary Ball Handler,Point of Attack,45,37,0.549,false,1,vj edgecombe,exact_name,Vj Edgecombe,Basketball-Reference 2025-26 regular-season team totals + LEBRON CSV + user-supplied team W/L,https://www.basketball-reference.com/teams/PHI/2026.html
1642846,Ace Bailey,Ace,Bailey,2026,2025-26,UTA,UTA,SF,72,1988,27.611,27.605,-2.455,-0.915,-1.539,0.024,Movement Shooter,Helper,22,60,0.268,false,1,ace bailey,exact_name,Ace Bailey,Basketball-Reference 2025-26 regular-season team totals + LEBRON CSV + user-supplied team W/L,https://www.basketball-reference.com/teams/UTA/2026.html
1642847,Jeremiah Fears,Jeremiah,Fears,2026,2025-26,NOP,NOP,PG,82,2112,25.756,25.753,-1.468,-0.057,-1.411,1.314,Primary Ball Handler,Point of Attack,26,56,0.317,false,1,jeremiah fears,exact_name,Jeremiah Fears,Basketball-Reference 2025-26 regular-season team totals + LEBRON CSV + user-supplied team W/L,https://www.basketball-reference.com/teams/NOP/2026.html
1642848,Tre Johnson,Tre,Johnson,2026,2025-26,WAS,WAS,SG,60,1443,24.05,24.044,-4.404,-2.207,-2.197,-1.674,Secondary Ball Handler,Chaser,17,65,0.207,false,1,tre johnson,exact_name,Tre Johnson,Basketball-Reference 2025-26 regular-season team totals + LEBRON CSV + user-supplied team W/L,https://www.basketball-reference.com/teams/WAS/2026.html
1642849,Nolan Traore,Nolan,Traore,2026,2025-26,BRK,BRK,PG,56,1243,22.196,22.202,-3.395,-2.245,-1.151,-0.697,Primary Ball Handler,Point of Attack,20,62,0.244,false,1,nolan traore,exact_name,Nolan Traore,Basketball-Reference 2025-26 regular-season team totals + LEBRON CSV + user-supplied team W/L,https://www.basketball-reference.com/teams/BRK/2026.html
1642851,Kon Knueppel,Kon,Knueppel,2026,2025-26,CHO,CHO,SF,81,2551,31.494,31.488,0.631,0.753,-0.122,4.942,Movement Shooter,Chaser,44,38,0.537,false,1,kon knueppel,exact_name,Kon Knueppel,Basketball-Reference 2025-26 regular-season team totals + LEBRON CSV + user-supplied team W/L,https://www.basketball-reference.com/teams/CHO/2026.html
1642852,Derik Queen,Derik,Queen,2026,2025-26,NOP,NOP,C,81,2023,24.975,24.978,-0.512,-0.47,-0.042,2.469,Shot Creator,Mobile Big,26,56,0.317,false,1,derik queen,exact_name,Derik Queen,Basketball-Reference 2025-26 regular-season team totals + LEBRON CSV + user-supplied team W/L,https://www.basketball-reference.com/teams/NOP/2026.html
1642853,Rasheer Fleming,Rasheer,Fleming,2026,2025-26,PHO,PHO,PF,55,673,12.236,12.242,-1.284,-0.925,-0.359,0.496,Stationary Shooter,Helper,45,37,0.549,false,1,rasheer fleming,exact_name,Rasheer Fleming,Basketball-Reference 2025-26 regular-season team totals + LEBRON CSV + user-supplied team W/L,https://www.basketball-reference.com/teams/PHO/2026.html
1642854,Asa Newell,Asa,Newell,2026,2025-26,ATL,ATL,PF,44,500,11.364,11.36,-1.204,-0.693,-0.511,0.393,Stationary Shooter,Helper,46,36,0.561,false,1,asa newell,exact_name,Asa Newell,Basketball-Reference 2025-26 regular-season team totals + LEBRON CSV + user-supplied team W/L,https://www.basketball-reference.com/teams/ATL/2026.html
1642856,Egor Demin,Egor,Demin,2026,2025-26,BRK,BRK,PG,52,1308,25.154,25.156,-0.892,-1.018,0.126,1.285,Primary Ball Handler,Chaser,20,62,0.244,false,1,egor demin,exact_name,Egor Demin,Basketball-Reference 2025-26 regular-season team totals + LEBRON CSV + user-supplied team W/L,https://www.basketball-reference.com/teams/BRK/2026.html
1642857,Kasparas Jakucionis,Kasparas,Jakucionis,2026,2025-26,MIA,MIA,PG,53,945,17.83,17.822,-0.759,-0.924,0.165,1.006,Shot Creator,Chaser,43,39,0.524,false,1,kasparas jakucionis,exact_name,Kasparas Jakucionis,Basketball-Reference 2025-26 regular-season team totals + LEBRON CSV + user-supplied team W/L,https://www.basketball-reference.com/teams/MIA/2026.html
1642859,Jase Richardson,Jase,Richardson,2026,2025-26,ORL,ORL,SG,54,587,10.87,10.864,-2.163,-0.889,-1.273,0.112,Secondary Ball Handler,Point of Attack,45,37,0.549,false,1,jase richardson,exact_name,Jase Richardson,Basketball-Reference 2025-26 regular-season team totals + LEBRON CSV + user-supplied team W/L,https://www.basketball-reference.com/teams/ORL/2026.html
1642860,Will Riley,Will,Riley,2026,2025-26,WAS,WAS,SF,74,1633,22.068,22.06,-4.031,-1.446,-2.585,-1.535,Secondary Ball Handler,Low Activity,17,65,0.207,false,1,will riley,exact_name,Will Riley,Basketball-Reference 2025-26 regular-season team totals + LEBRON CSV + user-supplied team W/L,https://www.basketball-reference.com/teams/WAS/2026.html
1642862,Liam Mcneeley,Liam,Mcneeley,2026,2025-26,CHO,CHO,SF,31,368,11.871,11.852,-0.398,-0.664,0.267,0.475,Movement Shooter,Low Activity,44,38,0.537,false,1,liam mcneeley,exact_name,Liam Mcneeley,Basketball-Reference 2025-26 regular-season team totals + LEBRON CSV + user-supplied team W/L,https://www.basketball-reference.com/teams/CHO/2026.html
1642864,Hugo Gonzalez,Hugo,Gonzalez,2026,2025-26,BOS,BOS,SF,74,1084,14.649,14.644,-0.132,-1.981,1.849,1.581,Stationary Shooter,Wing Stopper,56,26,0.683,false,1,hugo gonzalez,exact_name,Hugo Gonzalez,Basketball-Reference 2025-26 regular-season team totals + LEBRON CSV + user-supplied team W/L,https://www.basketball-reference.com/teams/BOS/2026.html
1642867,Collin Murray-Boyles,Collin,Murray-Boyles,2026,2025-26,TOR,TOR,PF,57,1246,21.86,21.849,0.617,-0.586,1.202,2.402,Roll + Cut Big,Mobile Big,46,36,0.561,false,1,collin murray boyles,exact_name,Collin Murray-Boyles,Basketball-Reference 2025-26 regular-season team totals + LEBRON CSV + user-supplied team W/L,https://www.basketball-reference.com/teams/TOR/2026.html
1642868,Carter Bryant,Carter,Bryant,2026,2025-26,SAS,SAS,PF,71,818,11.521,11.517,-1.235,-1.269,0.033,0.628,Stationary Shooter,Helper,62,20,0.756,false,1,carter bryant,exact_name,Carter Bryant,Basketball-Reference 2025-26 regular-season team totals + LEBRON CSV + user-supplied team W/L,https://www.basketball-reference.com/teams/SAS/2026.html
1642869,Noah Penda,Noah,Penda,2026,2025-26,ORL,ORL,SF,59,757,12.831,12.832,-0.747,-0.832,0.085,0.812,Stationary Shooter,Helper,45,37,0.549,false,1,noah penda,exact_name,Noah Penda,Basketball-Reference 2025-26 regular-season team totals + LEBRON CSV + user-supplied team W/L,https://www.basketball-reference.com/teams/ORL/2026.html
1642874,Danny Wolf,Danny,Wolf,2026,2025-26,BRK,BRK,PF,57,1187,20.825,20.825,-0.757,-1.496,0.739,1.267,Movement Shooter,Helper,20,62,0.244,false,1,danny wolf,exact_name,Danny Wolf,Basketball-Reference 2025-26 regular-season team totals + LEBRON CSV + user-supplied team W/L,https://www.basketball-reference.com/teams/BRK/2026.html
1642875,Maxime Raynaud,Maxime,Raynaud,2026,2025-26,SAC,SAC,C,74,1964,26.541,26.537,-2.333,-1.417,-0.916,0.17,Roll + Cut Big,Mobile Big,22,60,0.268,false,1,maxime raynaud,exact_name,Maxime Raynaud,Basketball-Reference 2025-26 regular-season team totals + LEBRON CSV + user-supplied team W/L,https://www.basketball-reference.com/teams/SAC/2026.html
1642877,Micah Peavy,Micah,Peavy,2026,2025-26,NOP,NOP,SG,61,913,14.967,14.963,-1.327,-0.935,-0.392,0.648,Movement Shooter,Point of Attack,26,56,0.317,false,1,micah peavy,exact_name,Micah Peavy,Basketball-Reference 2025-26 regular-season team totals + LEBRON CSV + user-supplied team W/L,https://www.basketball-reference.com/teams/NOP/2026.html
1642878,Tyrese Proctor,Tyrese,Proctor,2026,2025-26,CLE,CLE,PG,50,545,10.9,10.901,-0.665,0.477,-1.142,0.613,Secondary Ball Handler,Chaser,52,30,0.634,false,1,tyrese proctor,exact_name,Tyrese Proctor,Basketball-Reference 2025-26 regular-season team totals + LEBRON CSV + user-supplied team W/L,https://www.basketball-reference.com/teams/CLE/2026.html
1642879,Ben Saraf,Ben,Saraf,2026,2025-26,BRK,BRK,SG,44,916,20.818,20.825,-3.575,-3.016,-0.559,-0.613,Slasher,Chaser,20,62,0.244,false,1,ben saraf,exact_name,Ben Saraf,Basketball-Reference 2025-26 regular-season team totals + LEBRON CSV + user-supplied team W/L,https://www.basketball-reference.com/teams/BRK/2026.html
1642880,Kam Jones,Kam,Jones,2026,2025-26,IND,IND,SG,37,616,16.649,16.655,-3.597,-2.196,-1.4,-0.42,Primary Ball Handler,Point of Attack,19,63,0.232,false,1,kam jones,exact_name,Kam Jones,Basketball-Reference 2025-26 regular-season team totals + LEBRON CSV + user-supplied team W/L,https://www.basketball-reference.com/teams/IND/2026.html
1642882,Julian Reese,Julian,Reese,2026,2025-26,WAS,WAS,PF,13,402,30.923,30.885,-1.946,-1.501,-0.445,0.131,Roll + Cut Big,Anchor Big,17,65,0.207,false,1,julian reese,exact_name,Julian Reese,Basketball-Reference 2025-26 regular-season team totals + LEBRON CSV + user-supplied team W/L,https://www.basketball-reference.com/teams/WAS/2026.html
1642883,Sion James,Sion,James,2026,2025-26,CHO,CHO,SG,82,1843,22.476,22.474,-0.276,-1.385,1.109,2.522,Movement Shooter,Point of Attack,44,38,0.537,false,1,sion james,exact_name,Sion James,Basketball-Reference 2025-26 regular-season team totals + LEBRON CSV + user-supplied team W/L,https://www.basketball-reference.com/teams/CHO/2026.html
1642907,Cedric Coward,Cedric,Coward,2026,2025-26,MEM,MEM,SG,62,1598,25.774,25.771,-1.173,-0.573,-0.601,1.288,Movement Shooter,Wing Stopper,25,57,0.305,false,1,cedric coward,exact_name,Cedric Coward,Basketball-Reference 2025-26 regular-season team totals + LEBRON CSV + user-supplied team W/L,https://www.basketball-reference.com/teams/MEM/2026.html
1642914,Javon Small,Javon,Small,2026,2025-26,MEM,MEM,PG,41,830,20.244,20.241,-0.414,0.228,-0.643,1.064,Primary Ball Handler,Point of Attack,25,57,0.305,false,1,javon small,exact_name,Javon Small,Basketball-Reference 2025-26 regular-season team totals + LEBRON CSV + user-supplied team W/L,https://www.basketball-reference.com/teams/MEM/2026.html
1642920,Kobe Sanders,Kobe,Sanders,2026,2025-26,LAC,LAC,SG,68,1351,19.868,19.895,-1.802,-1.048,-0.753,0.561,Movement Shooter,Chaser,42,40,0.512,false,1,kobe sanders,exact_name,Kobe Sanders,Basketball-Reference 2025-26 regular-season team totals + LEBRON CSV + user-supplied team W/L,https://www.basketball-reference.com/teams/LAC/2026.html
1642928,Dylan Cardwell,Dylan,Cardwell,2026,2025-26,SAC,SAC,C,44,907,20.614,20.601,1.285,-1.375,2.66,2.127,Roll + Cut Big,Mobile Big,22,60,0.268,false,1,dylan cardwell,exact_name,Dylan Cardwell,Basketball-Reference 2025-26 regular-season team totals + LEBRON CSV + user-supplied team W/L,https://www.basketball-reference.com/teams/SAC/2026.html
1642942,Jahmai Mashack,Jahmai,Mashack,2026,2025-26,MEM,MEM,SG,31,673,21.71,21.713,-3.693,-2.933,-0.76,-0.498,Athletic Finisher,Helper,25,57,0.305,false,1,jahmai mashack,exact_name,Jahmai Mashack,Basketball-Reference 2025-26 regular-season team totals + LEBRON CSV + user-supplied team W/L,https://www.basketball-reference.com/teams/MEM/2026.html
1642948,Ryan Nembhard,Ryan,Nembhard,2026,2025-26,DAL,DAL,PG,60,1171,19.517,19.513,-3.215,-1.958,-1.257,-0.529,Primary Ball Handler,Point of Attack,26,56,0.317,false,1,ryan nembhard,exact_name,Ryan Nembhard,Basketball-Reference 2025-26 regular-season team totals + LEBRON CSV + user-supplied team W/L,https://www.basketball-reference.com/teams/DAL/2026.html
1642949,Yanic Konan Niederhauser,Yanic,Konan Niederhauser,2026,2025-26,LAC,LAC,C,41,424,10.341,10.333,-0.349,-1.585,1.236,0.56,Roll + Cut Big,Mobile Big,42,40,0.512,false,1,yanic konan niederhauser,exact_name,Yanic Konan Niederhauser,Basketball-Reference 2025-26 regular-season team totals + LEBRON CSV + user-supplied team W/L,https://www.basketball-reference.com/teams/LAC/2026.html
1642954,Will Richard,Will,Richard,2026,2025-26,GSW,GSW,SG,69,1377,19.957,19.951,-0.731,-1.527,0.796,1.491,Movement Shooter,Point of Attack,37,45,0.451,false,1,will richard,exact_name,Will Richard,Basketball-Reference 2025-26 regular-season team totals + LEBRON CSV + user-supplied team W/L,https://www.basketball-reference.com/teams/GSW/2026.html
1642962,Drake Powell,Drake,Powell,2026,2025-26,BRK,BRK,SG,63,1320,20.952,20.943,-4.799,-3.352,-1.447,-1.834,Movement Shooter,Chaser,20,62,0.244,false,1,drake powell,exact_name,Drake Powell,Basketball-Reference 2025-26 regular-season team totals + LEBRON CSV + user-supplied team W/L,https://www.basketball-reference.com/teams/BRK/2026.html
1642967,John Poulakidas,John,Poulakidas,2026,2025-26,DAL,DAL,SG,13,253,19.462,19.494,-1.258,-0.496,-0.762,0.191,Off Screen Shooter,Chaser,26,56,0.317,false,1,john poulakidas,exact_name,John Poulakidas,Basketball-Reference 2025-26 regular-season team totals + LEBRON CSV + user-supplied team W/L,https://www.basketball-reference.com/teams/DAL/2026.html
1643007,Taelon Peter,Taelon,Peter,2026,2025-26,IND,IND,SG,38,492,12.947,12.952,-2.336,-1.821,-0.515,0.042,Movement Shooter,Chaser,19,63,0.232,false,1,taelon peter,exact_name,Taelon Peter,Basketball-Reference 2025-26 regular-season team totals + LEBRON CSV + user-supplied team W/L,https://www.basketball-reference.com/teams/IND/2026.html
1643016,Bez Mbeng,Bez,Mbeng,2026,2025-26,UTA,UTA,SG,15,492,32.8,32.812,-2.646,-2.619,-0.027,-0.052,Athletic Finisher,Point of Attack,22,60,0.268,false,1,bez mbeng,exact_name,Bez Mbeng,Basketball-Reference 2025-26 regular-season team totals + LEBRON CSV + user-supplied team W/L,https://www.basketball-reference.com/teams/UTA/2026.html
1643018,Lj Cryer,Lj,Cryer,2026,2025-26,GSW,GSW,PG,18,292,16.222,16.227,-1.247,-0.1,-1.146,0.222,Off Screen Shooter,Chaser,37,45,0.451,false,1,lj cryer,exact_name,Lj Cryer,Basketball-Reference 2025-26 regular-season team totals + LEBRON CSV + user-supplied team W/L,https://www.basketball-reference.com/teams/GSW/2026.html
1643052,Chaney Johnson,Chaney,Johnson,2026,2025-26,BRK,BRK,SF,17,348,20.471,20.445,-0.915,-1.531,0.616,0.336,Athletic Finisher,Mobile Big,20,62,0.244,false,1,chaney johnson,exact_name,Chaney Johnson,Basketball-Reference 2025-26 regular-season team totals + LEBRON CSV + user-supplied team W/L,https://www.basketball-reference.com/teams/BRK/2026.html
1643253,Toby Okani,Toby,Okani,2026,2025-26,MEM,MEM,SG,6,217,36.167,36.181,-2.549,-1.395,-1.154,-0.01,Stationary Shooter,Helper,25,57,0.305,false,1,toby okani,exact_name,Toby Okani,Basketball-Reference 2025-26 regular-season team totals + LEBRON CSV + user-supplied team W/L,https://www.basketball-reference.com/teams/MEM/2026.html
